2025-08-19 11:55:08 | INFO     | cli.py:60             | 


2025-08-19 11:55:08 | INFO     | cli.py:61             | ⏱️	Scraping 8-2025 day 3/9
2025-08-19 11:55:08 | INFO     | cli.py:68             | ▶️	Block 2025-08-03 00:00:00 → 2025-08-03 06:00:00 | handle=grok | cap=150
2025-08-19 11:55:08 | INFO     | format_objects.py:29  | Built query:	from:grok filter:replies -filter:retweets -filter:quote -filter:self_threads since:2025-08-03_00:00:00_UTC until:2025-08-03_06:00:00_UTC
2025-08-19 11:55:09 | INFO     | main.py:61            | ✅	Success: /twitter/tweet/advanced_search (attempt 1/3)
2025-08-19 11:55:10 | INFO     | main.py:53            | ✅	Success: /twitter/tweet/thread_context for conversation 1951885742252450053 (attempt 1/3)
2025-08-19 11:55:11 | INFO     | main.py:53            | ✅	Success: /twitter/tweet/thread_context for conversation 1951885742252450053 (attempt 1/3)
2025-08-19 11:55:12 | INFO     | main.py:53            | ✅	Success: /twitter/tweet/thread_context for conversation 1951885741791072363 (attempt 1/3)
2025-08-19 11:55:13 | INFO     | main.py:53            | ✅	Success: /twitter/tweet/thread_context for conversation 1951885741791072363 (attempt 1/3)
2025-08-19 11:55:14 | INFO     | main.py:53            | ✅	Success: /twitter/tweet/thread_context for conversation 1951885740360732920 (attempt 1/3)
2025-08-19 11:55:15 | INFO     | main.py:53            | ✅	Success: /twitter/tweet/thread_context for conversation 1951885740360732920 (attempt 1/3)
2025-08-19 11:55:16 | INFO     | main.py:53            | ✅	Success: /twitter/tweet/thread_context for conversation 1951885740344012945 (attempt 1/3)
2025-08-19 11:55:17 | INFO     | main.py:53            | ✅	Success: /twitter/tweet/thread_context for conversation 1951885740344012945 (attempt 1/3)
2025-08-19 11:55:19 | INFO     | main.py:53            | ✅	Success: /twitter/tweet/thread_context for conversation 1951885737470967827 (attempt 1/3)
2025-08-19 11:55:20 | INFO     | main.py:53            | ✅	Success: /twitter/tweet/thread_context for conversation 1951885737470967827 (attempt 1/3)
2025-08-19 11:55:21 | INFO     | main.py:53            | ✅	Success: /twitter/tweet/thread_context for conversation 1951885735868723279 (attempt 1/3)
2025-08-19 11:55:22 | INFO     | main.py:53            | ✅	Success: /twitter/tweet/thread_context for conversation 1951885735482806755 (attempt 1/3)
2025-08-19 11:55:24 | INFO     | main.py:53            | ✅	Success: /twitter/tweet/thread_context for conversation 1951885735466053801 (attempt 1/3)
2025-08-19 11:55:25 | INFO     | main.py:53            | ✅	Success: /twitter/tweet/thread_context for conversation 1951885735419895974 (attempt 1/3)
2025-08-19 11:55:26 | INFO     | main.py:53            | ✅	Success: /twitter/tweet/thread_context for conversation 1951885735419895974 (attempt 1/3)
2025-08-19 11:55:28 | INFO     | main.py:53            | ✅	Success: /twitter/tweet/thread_context for conversation 1951885735348625832 (attempt 1/3)
2025-08-19 11:55:29 | INFO     | main.py:53            | ✅	Success: /twitter/tweet/thread_context for conversation 1951885735348625832 (attempt 1/3)
2025-08-19 11:55:30 | INFO     | main.py:53            | ✅	Success: /twitter/tweet/thread_context for conversation 1951885734199370203 (attempt 1/3)
2025-08-19 11:55:31 | INFO     | main.py:53            | ✅	Success: /twitter/tweet/thread_context for conversation 1951885733033288126 (attempt 1/3)
2025-08-19 11:55:32 | INFO     | main.py:53            | ✅	Success: /twitter/tweet/thread_context for conversation 1951885732995645583 (attempt 1/3)
2025-08-19 11:55:33 | INFO     | main.py:53            | ✅	Success: /twitter/tweet/thread_context for conversation 1951885732978843664 (attempt 1/3)
2025-08-19 11:55:35 | INFO     | main.py:53            | ✅	Success: /twitter/tweet/thread_context for conversation 1951885732873941132 (attempt 1/3)
2025-08-19 11:55:36 | INFO     | main.py:53            | ✅	Success: /twitter/tweet/thread_context for conversation 1951885732672573586 (attempt 1/3)
2025-08-19 11:55:37 | INFO     | main.py:53            | ✅	Success: /twitter/tweet/thread_context for conversation 1951885732416802888 (attempt 1/3)
2025-08-19 11:55:38 | INFO     | main.py:53            | ✅	Success: /twitter/tweet/thread_context for conversation 1951885732416802888 (attempt 1/3)
2025-08-19 11:55:40 | INFO     | main.py:53            | ✅	Success: /twitter/tweet/thread_context for conversation 1951885730101575982 (attempt 1/3)
2025-08-19 11:55:41 | INFO     | main.py:53            | ✅	Success: /twitter/tweet/thread_context for conversation 1951885729816322410 (attempt 1/3)
2025-08-19 11:55:42 | INFO     | main.py:53            | ✅	Success: /twitter/tweet/thread_context for conversation 1951885729661100459 (attempt 1/3)
2025-08-19 11:55:43 | INFO     | main.py:53            | ✅	Success: /twitter/tweet/thread_context for conversation 1951885729661100459 (attempt 1/3)
2025-08-19 11:55:44 | INFO     | main.py:61            | ✅	Success: /twitter/tweet/advanced_search (attempt 1/3)
2025-08-19 11:55:45 | INFO     | main.py:53            | ✅	Success: /twitter/tweet/thread_context for conversation 1951885728096629055 (attempt 1/3)
2025-08-19 11:55:47 | INFO     | main.py:53            | ✅	Success: /twitter/tweet/thread_context for conversation 1951885728063115605 (attempt 1/3)
2025-08-19 11:55:48 | INFO     | main.py:53            | ✅	Success: /twitter/tweet/thread_context for conversation 1951885726150517067 (attempt 1/3)
2025-08-19 11:55:50 | INFO     | main.py:53            | ✅	Success: /twitter/tweet/thread_context for conversation 1951885725143834882 (attempt 1/3)
2025-08-19 11:55:51 | INFO     | main.py:53            | ✅	Success: /twitter/tweet/thread_context for conversation 1951885725143834882 (attempt 1/3)
2025-08-19 11:55:53 | INFO     | main.py:53            | ✅	Success: /twitter/tweet/thread_context for conversation 1951885724745392227 (attempt 1/3)
2025-08-19 11:55:54 | INFO     | main.py:53            | ✅	Success: /twitter/tweet/thread_context for conversation 1951885724745392227 (attempt 1/3)
2025-08-19 11:55:55 | INFO     | main.py:53            | ✅	Success: /twitter/tweet/thread_context for conversation 1951885723755499844 (attempt 1/3)
2025-08-19 11:55:57 | INFO     | main.py:53            | ✅	Success: /twitter/tweet/thread_context for conversation 1951885723420021070 (attempt 1/3)
2025-08-19 11:55:59 | INFO     | main.py:53            | ✅	Success: /twitter/tweet/thread_context for conversation 1951885721712922782 (attempt 1/3)
2025-08-19 11:55:59 | INFO     | main.py:53            | ✅	Success: /twitter/tweet/thread_context for conversation 1951885721712922782 (attempt 1/3)
2025-08-19 11:56:01 | INFO     | main.py:53            | ✅	Success: /twitter/tweet/thread_context for conversation 1951885721511538980 (attempt 1/3)
2025-08-19 11:56:02 | INFO     | main.py:53            | ✅	Success: /twitter/tweet/thread_context for conversation 1951885721423491352 (attempt 1/3)
2025-08-19 11:56:03 | INFO     | main.py:53            | ✅	Success: /twitter/tweet/thread_context for conversation 1951885721364762724 (attempt 1/3)
2025-08-19 11:56:03 | INFO     | main.py:53            | ✅	Success: /twitter/tweet/thread_context for conversation 1951885721364762724 (attempt 1/3)
2025-08-19 11:56:04 | INFO     | main.py:53            | ✅	Success: /twitter/tweet/thread_context for conversation 1951885719791968338 (attempt 1/3)
2025-08-19 11:56:06 | INFO     | main.py:53            | ✅	Success: /twitter/tweet/thread_context for conversation 1951885718835630108 (attempt 1/3)
2025-08-19 11:56:07 | INFO     | main.py:53            | ✅	Success: /twitter/tweet/thread_context for conversation 1951885718835630108 (attempt 1/3)
2025-08-19 11:56:08 | INFO     | main.py:53            | ✅	Success: /twitter/tweet/thread_context for conversation 1951885718210646017 (attempt 1/3)
2025-08-19 11:56:09 | INFO     | main.py:53            | ✅	Success: /twitter/tweet/thread_context for conversation 1951885717308916001 (attempt 1/3)
2025-08-19 11:56:10 | INFO     | main.py:53            | ✅	Success: /twitter/tweet/thread_context for conversation 1951885717308916001 (attempt 1/3)
2025-08-19 11:56:12 | INFO     | main.py:53            | ✅	Success: /twitter/tweet/thread_context for conversation 1951885717241823701 (attempt 1/3)
2025-08-19 11:56:13 | INFO     | main.py:53            | ✅	Success: /twitter/tweet/thread_context for conversation 1951885717241823701 (attempt 1/3)
2025-08-19 11:56:15 | INFO     | main.py:53            | ✅	Success: /twitter/tweet/thread_context for conversation 1951885717195649118 (attempt 1/3)
2025-08-19 11:56:17 | INFO     | main.py:53            | ✅	Success: /twitter/tweet/thread_context for conversation 1951885715715092709 (attempt 1/3)
2025-08-19 11:56:18 | INFO     | main.py:53            | ✅	Success: /twitter/tweet/thread_context for conversation 1951885715715092709 (attempt 1/3)
2025-08-19 11:56:19 | INFO     | main.py:61            | ✅	Success: /twitter/tweet/advanced_search (attempt 1/3)
2025-08-19 11:56:20 | INFO     | main.py:53            | ✅	Success: /twitter/tweet/thread_context for conversation 1951885714028896598 (attempt 1/3)
2025-08-19 11:56:22 | INFO     | main.py:53            | ✅	Success: /twitter/tweet/thread_context for conversation 1951885714028896598 (attempt 1/3)
2025-08-19 11:56:23 | INFO     | main.py:53            | ✅	Success: /twitter/tweet/thread_context for conversation 1951885713961873832 (attempt 1/3)
2025-08-19 11:56:25 | INFO     | main.py:53            | ✅	Success: /twitter/tweet/thread_context for conversation 1951885713961873832 (attempt 1/3)
2025-08-19 11:56:26 | INFO     | main.py:53            | ✅	Success: /twitter/tweet/thread_context for conversation 1951885713093648482 (attempt 1/3)
2025-08-19 11:56:27 | INFO     | main.py:53            | ✅	Success: /twitter/tweet/thread_context for conversation 1951885712783208918 (attempt 1/3)
2025-08-19 11:56:28 | INFO     | main.py:53            | ✅	Success: /twitter/tweet/thread_context for conversation 1951885712783208918 (attempt 1/3)
2025-08-19 11:56:29 | INFO     | main.py:53            | ✅	Success: /twitter/tweet/thread_context for conversation 1951885711420121125 (attempt 1/3)
2025-08-19 11:56:31 | INFO     | main.py:53            | ✅	Success: /twitter/tweet/thread_context for conversation 1951885711290060916 (attempt 1/3)
2025-08-19 11:56:32 | INFO     | main.py:53            | ✅	Success: /twitter/tweet/thread_context for conversation 1951885711290060916 (attempt 1/3)
2025-08-19 11:56:33 | INFO     | main.py:53            | ✅	Success: /twitter/tweet/thread_context for conversation 1951885709461323891 (attempt 1/3)
2025-08-19 11:56:33 | INFO     | main.py:53            | ✅	Success: /twitter/tweet/thread_context for conversation 1951885709247402429 (attempt 1/3)
2025-08-19 11:56:34 | INFO     | main.py:53            | ✅	Success: /twitter/tweet/thread_context for conversation 1951885709247402429 (attempt 1/3)
2025-08-19 11:56:36 | INFO     | main.py:53            | ✅	Success: /twitter/tweet/thread_context for conversation 1951885705376108604 (attempt 1/3)
2025-08-19 11:56:37 | INFO     | main.py:53            | ✅	Success: /twitter/tweet/thread_context for conversation 1951885705376108604 (attempt 1/3)
2025-08-19 11:56:38 | INFO     | main.py:53            | ✅	Success: /twitter/tweet/thread_context for conversation 1951885703861895404 (attempt 1/3)
2025-08-19 11:56:40 | INFO     | main.py:53            | ✅	Success: /twitter/tweet/thread_context for conversation 1951885703861895404 (attempt 1/3)
2025-08-19 11:56:41 | INFO     | main.py:53            | ✅	Success: /twitter/tweet/thread_context for conversation 1951885702666616972 (attempt 1/3)
2025-08-19 11:56:43 | INFO     | main.py:53            | ✅	Success: /twitter/tweet/thread_context for conversation 1951885702666616972 (attempt 1/3)
2025-08-19 11:56:44 | INFO     | main.py:53            | ✅	Success: /twitter/tweet/thread_context for conversation 1951885702595301505 (attempt 1/3)
2025-08-19 11:56:46 | INFO     | main.py:53            | ✅	Success: /twitter/tweet/thread_context for conversation 1951885701961888156 (attempt 1/3)
2025-08-19 11:56:47 | INFO     | main.py:53            | ✅	Success: /twitter/tweet/thread_context for conversation 1951885701961888156 (attempt 1/3)
2025-08-19 11:56:48 | INFO     | main.py:53            | ✅	Success: /twitter/tweet/thread_context for conversation 1951885701588619589 (attempt 1/3)
2025-08-19 11:56:49 | INFO     | main.py:53            | ✅	Success: /twitter/tweet/thread_context for conversation 1951885701588619589 (attempt 1/3)
2025-08-19 11:56:50 | INFO     | main.py:53            | ✅	Success: /twitter/tweet/thread_context for conversation 1951885696895156651 (attempt 1/3)
2025-08-19 11:56:51 | INFO     | main.py:53            | ✅	Success: /twitter/tweet/thread_context for conversation 1951885696895156651 (attempt 1/3)
2025-08-19 11:56:53 | INFO     | main.py:53            | ✅	Success: /twitter/tweet/thread_context for conversation 1951885696664494522 (attempt 1/3)
2025-08-19 11:56:54 | INFO     | main.py:53            | ✅	Success: /twitter/tweet/thread_context for conversation 1951885696664494522 (attempt 1/3)
2025-08-19 11:56:55 | INFO     | main.py:53            | ✅	Success: /twitter/tweet/thread_context for conversation 1951885696387694797 (attempt 1/3)
2025-08-19 11:56:56 | INFO     | main.py:53            | ✅	Success: /twitter/tweet/thread_context for conversation 1951885695976661158 (attempt 1/3)
2025-08-19 11:56:56 | INFO     | main.py:53            | ✅	Success: /twitter/tweet/thread_context for conversation 1951885695976661158 (attempt 1/3)
2025-08-19 11:56:57 | INFO     | main.py:53            | ✅	Success: /twitter/tweet/thread_context for conversation 1951885695301431579 (attempt 1/3)
2025-08-19 11:56:58 | INFO     | main.py:53            | ✅	Success: /twitter/tweet/thread_context for conversation 1951885695301431579 (attempt 1/3)
2025-08-19 11:57:00 | INFO     | main.py:61            | ✅	Success: /twitter/tweet/advanced_search (attempt 1/3)
2025-08-19 11:57:00 | INFO     | main.py:53            | ✅	Success: /twitter/tweet/thread_context for conversation 1951885695196491973 (attempt 1/3)
2025-08-19 11:57:06 | INFO     | main.py:53            | ✅	Success: /twitter/tweet/thread_context for conversation 1951885695070646565 (attempt 1/3)
2025-08-19 11:57:07 | INFO     | main.py:53            | ✅	Success: /twitter/tweet/thread_context for conversation 1951885694194143236 (attempt 1/3)
2025-08-19 11:57:09 | INFO     | main.py:53            | ✅	Success: /twitter/tweet/thread_context for conversation 1951885694055649314 (attempt 1/3)
2025-08-19 11:57:10 | INFO     | main.py:53            | ✅	Success: /twitter/tweet/thread_context for conversation 1951885694055649314 (attempt 1/3)
2025-08-19 11:57:11 | INFO     | main.py:53            | ✅	Success: /twitter/tweet/thread_context for conversation 1951885692776444231 (attempt 1/3)
2025-08-19 11:57:12 | INFO     | main.py:53            | ✅	Success: /twitter/tweet/thread_context for conversation 1951885692776444231 (attempt 1/3)
2025-08-19 11:57:13 | INFO     | main.py:53            | ✅	Success: /twitter/tweet/thread_context for conversation 1951885691862073642 (attempt 1/3)
2025-08-19 11:57:15 | INFO     | main.py:53            | ✅	Success: /twitter/tweet/thread_context for conversation 1951885690964451447 (attempt 1/3)
2025-08-19 11:57:16 | INFO     | main.py:53            | ✅	Success: /twitter/tweet/thread_context for conversation 1951885690901512286 (attempt 1/3)
2025-08-19 11:57:17 | INFO     | main.py:53            | ✅	Success: /twitter/tweet/thread_context for conversation 1951885690901512286 (attempt 1/3)
2025-08-19 11:57:19 | INFO     | main.py:53            | ✅	Success: /twitter/tweet/thread_context for conversation 1951885690742182282 (attempt 1/3)
2025-08-19 11:57:20 | INFO     | main.py:53            | ✅	Success: /twitter/tweet/thread_context for conversation 1951885689509023782 (attempt 1/3)
2025-08-19 11:57:21 | INFO     | main.py:53            | ✅	Success: /twitter/tweet/thread_context for conversation 1951885689509023782 (attempt 1/3)
2025-08-19 11:57:23 | INFO     | main.py:53            | ✅	Success: /twitter/tweet/thread_context for conversation 1951885688678609238 (attempt 1/3)
2025-08-19 11:57:25 | INFO     | main.py:53            | ✅	Success: /twitter/tweet/thread_context for conversation 1951885688519180429 (attempt 1/3)
2025-08-19 11:57:26 | INFO     | main.py:53            | ✅	Success: /twitter/tweet/thread_context for conversation 1951885688519180429 (attempt 1/3)
2025-08-19 11:57:27 | INFO     | main.py:53            | ✅	Success: /twitter/tweet/thread_context for conversation 1951885686451405300 (attempt 1/3)
2025-08-19 11:57:29 | INFO     | main.py:53            | ✅	Success: /twitter/tweet/thread_context for conversation 1951885685461508454 (attempt 1/3)
2025-08-19 11:57:30 | INFO     | main.py:53            | ✅	Success: /twitter/tweet/thread_context for conversation 1951885685461508454 (attempt 1/3)
2025-08-19 11:57:32 | INFO     | main.py:53            | ✅	Success: /twitter/tweet/thread_context for conversation 1951885685172158932 (attempt 1/3)
2025-08-19 11:57:33 | INFO     | main.py:53            | ✅	Success: /twitter/tweet/thread_context for conversation 1951885685172158932 (attempt 1/3)
2025-08-19 11:57:34 | INFO     | main.py:53            | ✅	Success: /twitter/tweet/thread_context for conversation 1951885684429729975 (attempt 1/3)
2025-08-19 11:57:36 | INFO     | main.py:53            | ✅	Success: /twitter/tweet/thread_context for conversation 1951885683716727228 (attempt 1/3)
2025-08-19 11:57:37 | INFO     | main.py:53            | ✅	Success: /twitter/tweet/thread_context for conversation 1951885683511251156 (attempt 1/3)
2025-08-19 11:57:39 | INFO     | main.py:61            | ✅	Success: /twitter/tweet/advanced_search (attempt 1/3)
2025-08-19 11:57:40 | INFO     | main.py:53            | ✅	Success: /twitter/tweet/thread_context for conversation 1951885681854435347 (attempt 1/3)
2025-08-19 11:57:43 | INFO     | main.py:53            | ✅	Success: /twitter/tweet/thread_context for conversation 1951885681372111145 (attempt 1/3)
2025-08-19 11:57:44 | INFO     | main.py:53            | ✅	Success: /twitter/tweet/thread_context for conversation 1951885681372111145 (attempt 1/3)
2025-08-19 11:57:46 | INFO     | main.py:53            | ✅	Success: /twitter/tweet/thread_context for conversation 1951885681065898049 (attempt 1/3)
2025-08-19 11:57:47 | INFO     | main.py:53            | ✅	Success: /twitter/tweet/thread_context for conversation 1951885681065898049 (attempt 1/3)
2025-08-19 11:57:49 | INFO     | main.py:53            | ✅	Success: /twitter/tweet/thread_context for conversation 1951885680608706942 (attempt 1/3)
2025-08-19 11:57:50 | INFO     | main.py:53            | ✅	Success: /twitter/tweet/thread_context for conversation 1951885680608706942 (attempt 1/3)
2025-08-19 11:57:51 | INFO     | main.py:53            | ✅	Success: /twitter/tweet/thread_context for conversation 1951885677320355995 (attempt 1/3)
2025-08-19 11:57:52 | INFO     | main.py:53            | ✅	Success: /twitter/tweet/thread_context for conversation 1951885677320355995 (attempt 1/3)
2025-08-19 11:57:54 | INFO     | main.py:53            | ✅	Success: /twitter/tweet/thread_context for conversation 1951885675185553695 (attempt 1/3)
2025-08-19 11:57:55 | INFO     | main.py:53            | ✅	Success: /twitter/tweet/thread_context for conversation 1951885675089035281 (attempt 1/3)
2025-08-19 11:57:57 | INFO     | main.py:53            | ✅	Success: /twitter/tweet/thread_context for conversation 1951885675089035281 (attempt 1/3)
2025-08-19 11:57:58 | INFO     | main.py:53            | ✅	Success: /twitter/tweet/thread_context for conversation 1951885673558114667 (attempt 1/3)
2025-08-19 11:57:59 | INFO     | main.py:53            | ✅	Success: /twitter/tweet/thread_context for conversation 1951885673558114667 (attempt 1/3)
2025-08-19 11:58:00 | INFO     | main.py:53            | ✅	Success: /twitter/tweet/thread_context for conversation 1951885672232747263 (attempt 1/3)
2025-08-19 11:58:02 | INFO     | main.py:53            | ✅	Success: /twitter/tweet/thread_context for conversation 1951885672232747263 (attempt 1/3)
2025-08-19 11:58:03 | INFO     | main.py:53            | ✅	Success: /twitter/tweet/thread_context for conversation 1951885671964299725 (attempt 1/3)
2025-08-19 11:58:04 | INFO     | main.py:53            | ✅	Success: /twitter/tweet/thread_context for conversation 1951885671876247812 (attempt 1/3)
2025-08-19 11:58:04 | INFO     | main.py:53            | ✅	Success: /twitter/tweet/thread_context for conversation 1951885671876247812 (attempt 1/3)
2025-08-19 11:58:06 | INFO     | main.py:53            | ✅	Success: /twitter/tweet/thread_context for conversation 1951885671402226140 (attempt 1/3)
2025-08-19 11:58:08 | INFO     | main.py:53            | ✅	Success: /twitter/tweet/thread_context for conversation 1951885671402226140 (attempt 1/3)
2025-08-19 11:58:09 | INFO     | main.py:53            | ✅	Success: /twitter/tweet/thread_context for conversation 1951885670294974481 (attempt 1/3)
2025-08-19 11:58:10 | INFO     | main.py:53            | ✅	Success: /twitter/tweet/thread_context for conversation 1951885670026477623 (attempt 1/3)
2025-08-19 11:58:11 | INFO     | main.py:53            | ✅	Success: /twitter/tweet/thread_context for conversation 1951885670026477623 (attempt 1/3)
2025-08-19 11:58:12 | INFO     | main.py:53            | ✅	Success: /twitter/tweet/thread_context for conversation 1951885668625666457 (attempt 1/3)
2025-08-19 11:58:13 | INFO     | main.py:53            | ✅	Success: /twitter/tweet/thread_context for conversation 1951885668084552071 (attempt 1/3)
2025-08-19 11:58:15 | INFO     | main.py:53            | ✅	Success: /twitter/tweet/thread_context for conversation 1951885664984994205 (attempt 1/3)
2025-08-19 11:58:16 | INFO     | main.py:53            | ✅	Success: /twitter/tweet/thread_context for conversation 1951885664850763992 (attempt 1/3)
2025-08-19 11:58:17 | INFO     | main.py:53            | ✅	Success: /twitter/tweet/thread_context for conversation 1951885664162906399 (attempt 1/3)
2025-08-19 11:58:18 | INFO     | main.py:61            | ✅	Success: /twitter/tweet/advanced_search (attempt 1/3)
2025-08-19 11:58:20 | INFO     | main.py:53            | ✅	Success: /twitter/tweet/thread_context for conversation 1951885663923786144 (attempt 1/3)
2025-08-19 11:58:20 | INFO     | main.py:53            | ✅	Success: /twitter/tweet/thread_context for conversation 1951885663902822789 (attempt 1/3)
2025-08-19 11:58:21 | INFO     | main.py:53            | ✅	Success: /twitter/tweet/thread_context for conversation 1951885663902822789 (attempt 1/3)
2025-08-19 11:58:22 | INFO     | main.py:53            | ✅	Success: /twitter/tweet/thread_context for conversation 1951885661231030621 (attempt 1/3)
2025-08-19 11:58:24 | INFO     | main.py:53            | ✅	Success: /twitter/tweet/thread_context for conversation 1951885661226877343 (attempt 1/3)
2025-08-19 11:58:25 | INFO     | main.py:53            | ✅	Success: /twitter/tweet/thread_context for conversation 1951885661226877343 (attempt 1/3)
2025-08-19 11:58:27 | INFO     | main.py:53            | ✅	Success: /twitter/tweet/thread_context for conversation 1951885660526383444 (attempt 1/3)
2025-08-19 11:58:28 | INFO     | main.py:53            | ✅	Success: /twitter/tweet/thread_context for conversation 1951885660526383444 (attempt 1/3)
2025-08-19 11:58:29 | INFO     | main.py:53            | ✅	Success: /twitter/tweet/thread_context for conversation 1951885659913994725 (attempt 1/3)
2025-08-19 11:58:29 | INFO     | main.py:53            | ✅	Success: /twitter/tweet/thread_context for conversation 1951885659553337489 (attempt 1/3)
2025-08-19 11:58:31 | INFO     | main.py:53            | ✅	Success: /twitter/tweet/thread_context for conversation 1951885658634821995 (attempt 1/3)
2025-08-19 11:58:32 | INFO     | main.py:53            | ✅	Success: /twitter/tweet/thread_context for conversation 1951885657925886429 (attempt 1/3)
2025-08-19 11:58:33 | INFO     | main.py:53            | ✅	Success: /twitter/tweet/thread_context for conversation 1951885656525074581 (attempt 1/3)
2025-08-19 11:58:34 | INFO     | main.py:53            | ✅	Success: /twitter/tweet/thread_context for conversation 1951885656525074581 (attempt 1/3)
2025-08-19 11:58:36 | INFO     | main.py:53            | ✅	Success: /twitter/tweet/thread_context for conversation 1951885654612410760 (attempt 1/3)
2025-08-19 11:58:38 | INFO     | main.py:53            | ✅	Success: /twitter/tweet/thread_context for conversation 1951885654612410760 (attempt 1/3)
2025-08-19 11:58:39 | INFO     | main.py:53            | ✅	Success: /twitter/tweet/thread_context for conversation 1951885654163685641 (attempt 1/3)
2025-08-19 11:58:40 | INFO     | main.py:53            | ✅	Success: /twitter/tweet/thread_context for conversation 1951885654163685641 (attempt 1/3)
2025-08-19 11:58:41 | INFO     | main.py:53            | ✅	Success: /twitter/tweet/thread_context for conversation 1951885652959838521 (attempt 1/3)
2025-08-19 11:58:41 | INFO     | main.py:53            | ✅	Success: /twitter/tweet/thread_context for conversation 1951885652959838521 (attempt 1/3)
2025-08-19 11:58:44 | INFO     | main.py:53            | ✅	Success: /twitter/tweet/thread_context for conversation 1951885651290501177 (attempt 1/3)
2025-08-19 11:58:45 | INFO     | main.py:53            | ✅	Success: /twitter/tweet/thread_context for conversation 1951885647926681693 (attempt 1/3)
2025-08-19 11:58:47 | INFO     | main.py:53            | ✅	Success: /twitter/tweet/thread_context for conversation 1951885647830278201 (attempt 1/3)
2025-08-19 11:58:48 | INFO     | main.py:53            | ✅	Success: /twitter/tweet/thread_context for conversation 1951885646748094877 (attempt 1/3)
2025-08-19 11:58:49 | INFO     | main.py:53            | ✅	Success: /twitter/tweet/thread_context for conversation 1951885646416736528 (attempt 1/3)
2025-08-19 11:58:50 | INFO     | main.py:53            | ✅	Success: /twitter/tweet/thread_context for conversation 1951885646416736528 (attempt 1/3)
2025-08-19 11:58:51 | INFO     | main.py:53            | ✅	Success: /twitter/tweet/thread_context for conversation 1951885646240571487 (attempt 1/3)
2025-08-19 11:58:52 | INFO     | main.py:53            | ✅	Success: /twitter/tweet/thread_context for conversation 1951885645003272411 (attempt 1/3)
2025-08-19 11:58:54 | INFO     | main.py:61            | ✅	Success: /twitter/tweet/advanced_search (attempt 1/3)
2025-08-19 11:58:55 | INFO     | main.py:53            | ✅	Success: /twitter/tweet/thread_context for conversation 1951885643761770665 (attempt 1/3)
2025-08-19 11:58:57 | INFO     | main.py:53            | ✅	Success: /twitter/tweet/thread_context for conversation 1951885643501719601 (attempt 1/3)
2025-08-19 11:58:57 | INFO     | main.py:53            | ✅	Success: /twitter/tweet/thread_context for conversation 1951885643501719601 (attempt 1/3)
2025-08-19 11:58:59 | INFO     | main.py:53            | ✅	Success: /twitter/tweet/thread_context for conversation 1951885640645370252 (attempt 1/3)
2025-08-19 11:59:00 | INFO     | main.py:53            | ✅	Success: /twitter/tweet/thread_context for conversation 1951885639928176997 (attempt 1/3)
2025-08-19 11:59:01 | INFO     | main.py:53            | ✅	Success: /twitter/tweet/thread_context for conversation 1951885639538061415 (attempt 1/3)
2025-08-19 11:59:02 | INFO     | main.py:53            | ✅	Success: /twitter/tweet/thread_context for conversation 1951885637919097149 (attempt 1/3)
2025-08-19 11:59:03 | INFO     | main.py:53            | ✅	Success: /twitter/tweet/thread_context for conversation 1951885637919097149 (attempt 1/3)
2025-08-19 11:59:04 | INFO     | main.py:53            | ✅	Success: /twitter/tweet/thread_context for conversation 1951885637453553961 (attempt 1/3)
2025-08-19 11:59:06 | INFO     | main.py:53            | ✅	Success: /twitter/tweet/thread_context for conversation 1951885637453553961 (attempt 1/3)
2025-08-19 11:59:07 | INFO     | main.py:53            | ✅	Success: /twitter/tweet/thread_context for conversation 1951885636467908656 (attempt 1/3)
2025-08-19 11:59:09 | INFO     | main.py:53            | ✅	Success: /twitter/tweet/thread_context for conversation 1951885636375572616 (attempt 1/3)
2025-08-19 11:59:09 | INFO     | main.py:53            | ✅	Success: /twitter/tweet/thread_context for conversation 1951885633632555008 (attempt 1/3)
2025-08-19 11:59:10 | INFO     | main.py:53            | ✅	Success: /twitter/tweet/thread_context for conversation 1951885631833120849 (attempt 1/3)
2025-08-19 11:59:11 | INFO     | main.py:53            | ✅	Success: /twitter/tweet/thread_context for conversation 1951885631833120849 (attempt 1/3)
2025-08-19 11:59:12 | INFO     | main.py:53            | ✅	Success: /twitter/tweet/thread_context for conversation 1951885628234465541 (attempt 1/3)
2025-08-19 11:59:14 | INFO     | main.py:53            | ✅	Success: /twitter/tweet/thread_context for conversation 1951885628234465541 (attempt 1/3)
2025-08-19 11:59:15 | INFO     | main.py:53            | ✅	Success: /twitter/tweet/thread_context for conversation 1951885626292523035 (attempt 1/3)
2025-08-19 11:59:17 | INFO     | main.py:53            | ✅	Success: /twitter/tweet/thread_context for conversation 1951885626292523035 (attempt 1/3)
2025-08-19 11:59:19 | INFO     | main.py:53            | ✅	Success: /twitter/tweet/thread_context for conversation 1951885625512325425 (attempt 1/3)
2025-08-19 11:59:20 | INFO     | main.py:53            | ✅	Success: /twitter/tweet/thread_context for conversation 1951885625512325425 (attempt 1/3)
2025-08-19 11:59:22 | INFO     | main.py:53            | ✅	Success: /twitter/tweet/thread_context for conversation 1951885624631558436 (attempt 1/3)
2025-08-19 11:59:22 | INFO     | main.py:53            | ✅	Success: /twitter/tweet/thread_context for conversation 1951885624631558436 (attempt 1/3)
2025-08-19 11:59:24 | INFO     | main.py:53            | ✅	Success: /twitter/tweet/thread_context for conversation 1951885623025078277 (attempt 1/3)
2025-08-19 11:59:25 | INFO     | main.py:53            | ✅	Success: /twitter/tweet/thread_context for conversation 1951885623025078277 (attempt 1/3)
2025-08-19 11:59:26 | INFO     | main.py:53            | ✅	Success: /twitter/tweet/thread_context for conversation 1951885621762650194 (attempt 1/3)
2025-08-19 11:59:27 | INFO     | main.py:53            | ✅	Success: /twitter/tweet/thread_context for conversation 1951885621762650194 (attempt 1/3)
2025-08-19 11:59:28 | INFO     | main.py:53            | ✅	Success: /twitter/tweet/thread_context for conversation 1951885621552976154 (attempt 1/3)
2025-08-19 11:59:30 | INFO     | main.py:61            | ✅	Success: /twitter/tweet/advanced_search (attempt 1/3)
2025-08-19 11:59:31 | INFO     | main.py:53            | ✅	Success: /twitter/tweet/thread_context for conversation 1951885621099966743 (attempt 1/3)
2025-08-19 11:59:32 | INFO     | main.py:53            | ✅	Success: /twitter/tweet/thread_context for conversation 1951885620948967738 (attempt 1/3)
2025-08-19 11:59:33 | INFO     | main.py:53            | ✅	Success: /twitter/tweet/thread_context for conversation 1951885620948967738 (attempt 1/3)
2025-08-19 11:59:34 | INFO     | main.py:53            | ✅	Success: /twitter/tweet/thread_context for conversation 1951885616259756237 (attempt 1/3)
2025-08-19 11:59:35 | INFO     | main.py:53            | ✅	Success: /twitter/tweet/thread_context for conversation 1951885616259756237 (attempt 1/3)
2025-08-19 11:59:36 | INFO     | main.py:53            | ✅	Success: /twitter/tweet/thread_context for conversation 1951885615332761774 (attempt 1/3)
2025-08-19 11:59:37 | INFO     | main.py:53            | ✅	Success: /twitter/tweet/thread_context for conversation 1951885615332761774 (attempt 1/3)
2025-08-19 11:59:38 | INFO     | main.py:53            | ✅	Success: /twitter/tweet/thread_context for conversation 1951885614577848602 (attempt 1/3)
2025-08-19 11:59:39 | INFO     | main.py:53            | ✅	Success: /twitter/tweet/thread_context for conversation 1951885614577848602 (attempt 1/3)
2025-08-19 11:59:40 | INFO     | main.py:53            | ✅	Success: /twitter/tweet/thread_context for conversation 1951885612363173938 (attempt 1/3)
2025-08-19 11:59:42 | INFO     | main.py:53            | ✅	Success: /twitter/tweet/thread_context for conversation 1951885611167883630 (attempt 1/3)
2025-08-19 11:59:43 | INFO     | main.py:53            | ✅	Success: /twitter/tweet/thread_context for conversation 1951885611167883630 (attempt 1/3)
2025-08-19 11:59:45 | INFO     | main.py:53            | ✅	Success: /twitter/tweet/thread_context for conversation 1951885610412839326 (attempt 1/3)
2025-08-19 11:59:46 | INFO     | main.py:53            | ✅	Success: /twitter/tweet/thread_context for conversation 1951885609783660742 (attempt 1/3)
2025-08-19 11:59:46 | INFO     | main.py:53            | ✅	Success: /twitter/tweet/thread_context for conversation 1951885607694909444 (attempt 1/3)
2025-08-19 11:59:47 | INFO     | main.py:53            | ✅	Success: /twitter/tweet/thread_context for conversation 1951885607694909444 (attempt 1/3)
2025-08-19 11:59:50 | INFO     | main.py:53            | ✅	Success: /twitter/tweet/thread_context for conversation 1951885604985430179 (attempt 1/3)
2025-08-19 11:59:52 | INFO     | main.py:53            | ✅	Success: /twitter/tweet/thread_context for conversation 1951885604431822902 (attempt 1/3)
2025-08-19 11:59:54 | INFO     | main.py:53            | ✅	Success: /twitter/tweet/thread_context for conversation 1951885604431822902 (attempt 1/3)
2025-08-19 11:59:55 | INFO     | main.py:53            | ✅	Success: /twitter/tweet/thread_context for conversation 1951885604289155103 (attempt 1/3)
2025-08-19 11:59:56 | INFO     | main.py:53            | ✅	Success: /twitter/tweet/thread_context for conversation 1951885604289155103 (attempt 1/3)
2025-08-19 11:59:57 | INFO     | main.py:53            | ✅	Success: /twitter/tweet/thread_context for conversation 1951885602829545648 (attempt 1/3)
2025-08-19 11:59:58 | INFO     | main.py:53            | ✅	Success: /twitter/tweet/thread_context for conversation 1951885602598916224 (attempt 1/3)
2025-08-19 11:59:59 | INFO     | main.py:53            | ✅	Success: /twitter/tweet/thread_context for conversation 1951885601592234155 (attempt 1/3)
2025-08-19 12:00:00 | INFO     | main.py:53            | ✅	Success: /twitter/tweet/thread_context for conversation 1951885599650333083 (attempt 1/3)
2025-08-19 12:00:02 | INFO     | main.py:53            | ✅	Success: /twitter/tweet/thread_context for conversation 1951885599650333083 (attempt 1/3)
2025-08-19 12:00:03 | INFO     | main.py:53            | ✅	Success: /twitter/tweet/thread_context for conversation 1951885599646028036 (attempt 1/3)
2025-08-19 12:00:05 | INFO     | main.py:61            | ✅	Success: /twitter/tweet/advanced_search (attempt 1/3)
2025-08-19 12:00:06 | INFO     | main.py:53            | ✅	Success: /twitter/tweet/thread_context for conversation 1951885596223521097 (attempt 1/3)
2025-08-19 12:00:08 | INFO     | main.py:53            | ✅	Success: /twitter/tweet/thread_context for conversation 1951885596039020992 (attempt 1/3)
2025-08-19 12:00:08 | INFO     | main.py:53            | ✅	Success: /twitter/tweet/thread_context for conversation 1951885595246207337 (attempt 1/3)
2025-08-19 12:00:10 | INFO     | main.py:53            | ✅	Success: /twitter/tweet/thread_context for conversation 1951885593568592343 (attempt 1/3)
2025-08-19 12:00:10 | INFO     | main.py:286           | Streaming complete: 9 search page(s); ~1370 upsert attempts.
2025-08-19 12:00:10 | INFO     | format_objects.py:280 | Raw dump: 150 conversation(s) → ./grok_data/raw.json
2025-08-19 12:00:10 | INFO     | format_objects.py:442 | Transform complete: 150 conversation(s) → grok_data/data.json
2025-08-19 12:00:10 | INFO     | main.py:305           | Done! Run summary — elapsed=302.2s | conversations=150 | search_pages=9 | upserts≈1370 | api_success=238 / attempts=238
2025-08-19 12:00:10 | INFO     | cli.py:68             | ▶️	Block 2025-08-03 06:00:00 → 2025-08-03 12:00:00 | handle=grok | cap=150
2025-08-19 12:00:10 | INFO     | format_objects.py:29  | Built query:	from:grok filter:replies -filter:retweets -filter:quote -filter:self_threads since:2025-08-03_06:00:00_UTC until:2025-08-03_12:00:00_UTC
2025-08-19 12:00:12 | INFO     | main.py:61            | ✅	Success: /twitter/tweet/advanced_search (attempt 1/3)
2025-08-19 12:00:13 | INFO     | main.py:53            | ✅	Success: /twitter/tweet/thread_context for conversation 1951976339369820404 (attempt 1/3)
2025-08-19 12:00:15 | INFO     | main.py:53            | ✅	Success: /twitter/tweet/thread_context for conversation 1951976339369820404 (attempt 1/3)
2025-08-19 12:00:16 | INFO     | main.py:53            | ✅	Success: /twitter/tweet/thread_context for conversation 1951976338778476684 (attempt 1/3)
2025-08-19 12:00:17 | INFO     | main.py:53            | ✅	Success: /twitter/tweet/thread_context for conversation 1951976338778476684 (attempt 1/3)
2025-08-19 12:00:18 | INFO     | main.py:53            | ✅	Success: /twitter/tweet/thread_context for conversation 1951976338627449210 (attempt 1/3)
2025-08-19 12:00:20 | INFO     | main.py:53            | ✅	Success: /twitter/tweet/thread_context for conversation 1951976338627449210 (attempt 1/3)
2025-08-19 12:00:21 | INFO     | main.py:53            | ✅	Success: /twitter/tweet/thread_context for conversation 1951976338426122379 (attempt 1/3)
2025-08-19 12:00:22 | INFO     | main.py:53            | ✅	Success: /twitter/tweet/thread_context for conversation 1951976338426122379 (attempt 1/3)
2025-08-19 12:00:24 | INFO     | main.py:53            | ✅	Success: /twitter/tweet/thread_context for conversation 1951976338149282073 (attempt 1/3)
2025-08-19 12:00:25 | INFO     | main.py:53            | ✅	Success: /twitter/tweet/thread_context for conversation 1951976338149282073 (attempt 1/3)
2025-08-19 12:00:26 | INFO     | main.py:53            | ✅	Success: /twitter/tweet/thread_context for conversation 1951976337830559994 (attempt 1/3)
2025-08-19 12:00:27 | INFO     | main.py:53            | ✅	Success: /twitter/tweet/thread_context for conversation 1951976336588988458 (attempt 1/3)
2025-08-19 12:00:28 | INFO     | main.py:53            | ✅	Success: /twitter/tweet/thread_context for conversation 1951976336588988458 (attempt 1/3)
2025-08-19 12:00:29 | INFO     | main.py:53            | ✅	Success: /twitter/tweet/thread_context for conversation 1951976335641039091 (attempt 1/3)
2025-08-19 12:00:30 | INFO     | main.py:53            | ✅	Success: /twitter/tweet/thread_context for conversation 1951976335284551687 (attempt 1/3)
2025-08-19 12:00:31 | INFO     | main.py:53            | ✅	Success: /twitter/tweet/thread_context for conversation 1951976335284551687 (attempt 1/3)
2025-08-19 12:00:32 | INFO     | main.py:53            | ✅	Success: /twitter/tweet/thread_context for conversation 1951976334122721317 (attempt 1/3)
2025-08-19 12:00:33 | INFO     | main.py:53            | ✅	Success: /twitter/tweet/thread_context for conversation 1951976334122721317 (attempt 1/3)
2025-08-19 12:00:35 | INFO     | main.py:53            | ✅	Success: /twitter/tweet/thread_context for conversation 1951976333346799745 (attempt 1/3)
2025-08-19 12:00:36 | INFO     | main.py:53            | ✅	Success: /twitter/tweet/thread_context for conversation 1951976330825961665 (attempt 1/3)
2025-08-19 12:00:38 | INFO     | main.py:53            | ✅	Success: /twitter/tweet/thread_context for conversation 1951976330825961665 (attempt 1/3)
2025-08-19 12:00:39 | INFO     | main.py:53            | ✅	Success: /twitter/tweet/thread_context for conversation 1951976330184282236 (attempt 1/3)
2025-08-19 12:00:40 | INFO     | main.py:53            | ✅	Success: /twitter/tweet/thread_context for conversation 1951976330184282236 (attempt 1/3)
2025-08-19 12:00:41 | INFO     | main.py:53            | ✅	Success: /twitter/tweet/thread_context for conversation 1951976328158421162 (attempt 1/3)
2025-08-19 12:00:42 | INFO     | main.py:53            | ✅	Success: /twitter/tweet/thread_context for conversation 1951976326602375446 (attempt 1/3)
2025-08-19 12:00:43 | INFO     | main.py:53            | ✅	Success: /twitter/tweet/thread_context for conversation 1951976326602375446 (attempt 1/3)
2025-08-19 12:00:44 | INFO     | main.py:53            | ✅	Success: /twitter/tweet/thread_context for conversation 1951976325755089346 (attempt 1/3)
2025-08-19 12:00:45 | INFO     | main.py:53            | ✅	Success: /twitter/tweet/thread_context for conversation 1951976325121729016 (attempt 1/3)
2025-08-19 12:00:46 | INFO     | main.py:53            | ✅	Success: /twitter/tweet/thread_context for conversation 1951976324568080588 (attempt 1/3)
2025-08-19 12:00:47 | INFO     | main.py:53            | ✅	Success: /twitter/tweet/thread_context for conversation 1951976324568080588 (attempt 1/3)
2025-08-19 12:00:48 | INFO     | main.py:53            | ✅	Success: /twitter/tweet/thread_context for conversation 1951976324521939284 (attempt 1/3)
2025-08-19 12:00:49 | INFO     | main.py:53            | ✅	Success: /twitter/tweet/thread_context for conversation 1951976324521939284 (attempt 1/3)
2025-08-19 12:00:51 | INFO     | main.py:61            | ✅	Success: /twitter/tweet/advanced_search (attempt 1/3)
2025-08-19 12:00:52 | INFO     | main.py:53            | ✅	Success: /twitter/tweet/thread_context for conversation 1951976323569913948 (attempt 1/3)
2025-08-19 12:00:53 | INFO     | main.py:53            | ✅	Success: /twitter/tweet/thread_context for conversation 1951976323112714281 (attempt 1/3)
2025-08-19 12:00:55 | INFO     | main.py:53            | ✅	Success: /twitter/tweet/thread_context for conversation 1951976319245533471 (attempt 1/3)
2025-08-19 12:00:56 | INFO     | main.py:53            | ✅	Success: /twitter/tweet/thread_context for conversation 1951976312517878067 (attempt 1/3)
2025-08-19 12:00:57 | INFO     | main.py:53            | ✅	Success: /twitter/tweet/thread_context for conversation 1951976312517878067 (attempt 1/3)
2025-08-19 12:00:58 | INFO     | main.py:53            | ✅	Success: /twitter/tweet/thread_context for conversation 1951976312433947093 (attempt 1/3)
2025-08-19 12:00:59 | INFO     | main.py:53            | ✅	Success: /twitter/tweet/thread_context for conversation 1951976312433947093 (attempt 1/3)
2025-08-19 12:01:02 | INFO     | main.py:53            | ✅	Success: /twitter/tweet/thread_context for conversation 1951976312429793733 (attempt 1/3)
2025-08-19 12:01:03 | INFO     | main.py:53            | ✅	Success: /twitter/tweet/thread_context for conversation 1951976310433337600 (attempt 1/3)
2025-08-19 12:01:05 | INFO     | main.py:53            | ✅	Success: /twitter/tweet/thread_context for conversation 1951976309334347910 (attempt 1/3)
2025-08-19 12:01:05 | INFO     | main.py:53            | ✅	Success: /twitter/tweet/thread_context for conversation 1951976308822700401 (attempt 1/3)
2025-08-19 12:01:06 | INFO     | main.py:53            | ✅	Success: /twitter/tweet/thread_context for conversation 1951976308822700401 (attempt 1/3)
2025-08-19 12:01:07 | INFO     | main.py:53            | ✅	Success: /twitter/tweet/thread_context for conversation 1951976308675879183 (attempt 1/3)
2025-08-19 12:01:09 | INFO     | main.py:53            | ✅	Success: /twitter/tweet/thread_context for conversation 1951976307581178052 (attempt 1/3)
2025-08-19 12:01:10 | INFO     | main.py:53            | ✅	Success: /twitter/tweet/thread_context for conversation 1951976307581178052 (attempt 1/3)
2025-08-19 12:01:11 | INFO     | main.py:53            | ✅	Success: /twitter/tweet/thread_context for conversation 1951976307195281795 (attempt 1/3)
2025-08-19 12:01:12 | INFO     | main.py:53            | ✅	Success: /twitter/tweet/thread_context for conversation 1951976306440282528 (attempt 1/3)
2025-08-19 12:01:14 | INFO     | main.py:53            | ✅	Success: /twitter/tweet/thread_context for conversation 1951976306100576653 (attempt 1/3)
2025-08-19 12:01:15 | INFO     | main.py:53            | ✅	Success: /twitter/tweet/thread_context for conversation 1951976306100576653 (attempt 1/3)
2025-08-19 12:01:16 | INFO     | main.py:53            | ✅	Success: /twitter/tweet/thread_context for conversation 1951976305656005108 (attempt 1/3)
2025-08-19 12:01:17 | INFO     | main.py:53            | ✅	Success: /twitter/tweet/thread_context for conversation 1951976304942924237 (attempt 1/3)
2025-08-19 12:01:19 | INFO     | main.py:53            | ✅	Success: /twitter/tweet/thread_context for conversation 1951976304871682486 (attempt 1/3)
2025-08-19 12:01:19 | INFO     | main.py:53            | ✅	Success: /twitter/tweet/thread_context for conversation 1951976304871682486 (attempt 1/3)
2025-08-19 12:01:20 | INFO     | main.py:61            | ✅	Success: /twitter/tweet/advanced_search (attempt 1/3)
2025-08-19 12:01:22 | INFO     | main.py:53            | ✅	Success: /twitter/tweet/thread_context for conversation 1951976303600828688 (attempt 1/3)
2025-08-19 12:01:24 | INFO     | main.py:53            | ✅	Success: /twitter/tweet/thread_context for conversation 1951976303189782724 (attempt 1/3)
2025-08-19 12:01:25 | INFO     | main.py:53            | ✅	Success: /twitter/tweet/thread_context for conversation 1951976303189782724 (attempt 1/3)
2025-08-19 12:01:26 | INFO     | main.py:53            | ✅	Success: /twitter/tweet/thread_context for conversation 1951976303105896699 (attempt 1/3)
2025-08-19 12:01:27 | INFO     | main.py:53            | ✅	Success: /twitter/tweet/thread_context for conversation 1951976303105896699 (attempt 1/3)
2025-08-19 12:01:28 | INFO     | main.py:53            | ✅	Success: /twitter/tweet/thread_context for conversation 1951976302736814471 (attempt 1/3)
2025-08-19 12:01:29 | INFO     | main.py:53            | ✅	Success: /twitter/tweet/thread_context for conversation 1951976302711558206 (attempt 1/3)
2025-08-19 12:01:31 | INFO     | main.py:53            | ✅	Success: /twitter/tweet/thread_context for conversation 1951976302707396707 (attempt 1/3)
2025-08-19 12:01:32 | INFO     | main.py:53            | ✅	Success: /twitter/tweet/thread_context for conversation 1951976302707396707 (attempt 1/3)
2025-08-19 12:01:33 | INFO     | main.py:53            | ✅	Success: /twitter/tweet/thread_context for conversation 1951976302367678566 (attempt 1/3)
2025-08-19 12:01:34 | INFO     | main.py:53            | ✅	Success: /twitter/tweet/thread_context for conversation 1951976302367678566 (attempt 1/3)
2025-08-19 12:01:35 | INFO     | main.py:53            | ✅	Success: /twitter/tweet/thread_context for conversation 1951976301298122932 (attempt 1/3)
2025-08-19 12:01:36 | INFO     | main.py:53            | ✅	Success: /twitter/tweet/thread_context for conversation 1951976299385495891 (attempt 1/3)
2025-08-19 12:01:38 | INFO     | main.py:53            | ✅	Success: /twitter/tweet/thread_context for conversation 1951976299385495891 (attempt 1/3)
2025-08-19 12:01:39 | INFO     | main.py:53            | ✅	Success: /twitter/tweet/thread_context for conversation 1951976298773184823 (attempt 1/3)
2025-08-19 12:01:40 | INFO     | main.py:53            | ✅	Success: /twitter/tweet/thread_context for conversation 1951976295954518481 (attempt 1/3)
2025-08-19 12:01:41 | INFO     | main.py:53            | ✅	Success: /twitter/tweet/thread_context for conversation 1951976295086371149 (attempt 1/3)
2025-08-19 12:01:43 | INFO     | main.py:53            | ✅	Success: /twitter/tweet/thread_context for conversation 1951976294625009939 (attempt 1/3)
2025-08-19 12:01:45 | INFO     | main.py:53            | ✅	Success: /twitter/tweet/thread_context for conversation 1951976294423597514 (attempt 1/3)
2025-08-19 12:01:46 | INFO     | main.py:53            | ✅	Success: /twitter/tweet/thread_context for conversation 1951976294423597514 (attempt 1/3)
2025-08-19 12:01:47 | INFO     | main.py:53            | ✅	Success: /twitter/tweet/thread_context for conversation 1951976293156921640 (attempt 1/3)
2025-08-19 12:01:49 | INFO     | main.py:53            | ✅	Success: /twitter/tweet/thread_context for conversation 1951976293156921640 (attempt 1/3)
2025-08-19 12:01:50 | INFO     | main.py:53            | ✅	Success: /twitter/tweet/thread_context for conversation 1951976291433091349 (attempt 1/3)
2025-08-19 12:01:51 | INFO     | main.py:61            | ✅	Success: /twitter/tweet/advanced_search (attempt 1/3)
2025-08-19 12:01:52 | INFO     | main.py:53            | ✅	Success: /twitter/tweet/thread_context for conversation 1951976291101741155 (attempt 1/3)
2025-08-19 12:01:54 | INFO     | main.py:53            | ✅	Success: /twitter/tweet/thread_context for conversation 1951976290963312767 (attempt 1/3)
2025-08-19 12:01:55 | INFO     | main.py:53            | ✅	Success: /twitter/tweet/thread_context for conversation 1951976290963312767 (attempt 1/3)
2025-08-19 12:01:57 | INFO     | main.py:53            | ✅	Success: /twitter/tweet/thread_context for conversation 1951976289772196257 (attempt 1/3)
2025-08-19 12:01:58 | INFO     | main.py:53            | ✅	Success: /twitter/tweet/thread_context for conversation 1951976289772196257 (attempt 1/3)
2025-08-19 12:02:00 | INFO     | main.py:53            | ✅	Success: /twitter/tweet/thread_context for conversation 1951976289277214732 (attempt 1/3)
2025-08-19 12:02:01 | INFO     | main.py:53            | ✅	Success: /twitter/tweet/thread_context for conversation 1951976288111247370 (attempt 1/3)
2025-08-19 12:02:02 | INFO     | main.py:53            | ✅	Success: /twitter/tweet/thread_context for conversation 1951976288111247370 (attempt 1/3)
2025-08-19 12:02:04 | INFO     | main.py:53            | ✅	Success: /twitter/tweet/thread_context for conversation 1951976288006316158 (attempt 1/3)
2025-08-19 12:02:05 | INFO     | main.py:53            | ✅	Success: /twitter/tweet/thread_context for conversation 1951976288006316158 (attempt 1/3)
2025-08-19 12:02:06 | INFO     | main.py:53            | ✅	Success: /twitter/tweet/thread_context for conversation 1951976286957772887 (attempt 1/3)
2025-08-19 12:02:07 | INFO     | main.py:53            | ✅	Success: /twitter/tweet/thread_context for conversation 1951976269224255915 (attempt 1/3)
2025-08-19 12:02:08 | INFO     | main.py:53            | ✅	Success: /twitter/tweet/thread_context for conversation 1951976286399897759 (attempt 1/3)
2025-08-19 12:02:09 | INFO     | main.py:53            | ✅	Success: /twitter/tweet/thread_context for conversation 1951976285045153863 (attempt 1/3)
2025-08-19 12:02:10 | INFO     | main.py:53            | ✅	Success: /twitter/tweet/thread_context for conversation 1951976284936138832 (attempt 1/3)
2025-08-19 12:02:11 | INFO     | main.py:53            | ✅	Success: /twitter/tweet/thread_context for conversation 1951976283984027779 (attempt 1/3)
2025-08-19 12:02:13 | INFO     | main.py:53            | ✅	Success: /twitter/tweet/thread_context for conversation 1951976283585610111 (attempt 1/3)
2025-08-19 12:02:14 | INFO     | main.py:53            | ✅	Success: /twitter/tweet/thread_context for conversation 1951976279760318551 (attempt 1/3)
2025-08-19 12:02:15 | INFO     | main.py:53            | ✅	Success: /twitter/tweet/thread_context for conversation 1951976279760318551 (attempt 1/3)
2025-08-19 12:02:17 | INFO     | main.py:53            | ✅	Success: /twitter/tweet/thread_context for conversation 1951976278019727376 (attempt 1/3)
2025-08-19 12:02:18 | INFO     | main.py:53            | ✅	Success: /twitter/tweet/thread_context for conversation 1951976277780635742 (attempt 1/3)
2025-08-19 12:02:19 | INFO     | main.py:53            | ✅	Success: /twitter/tweet/thread_context for conversation 1951976277780635742 (attempt 1/3)
2025-08-19 12:02:21 | INFO     | main.py:53            | ✅	Success: /twitter/tweet/thread_context for conversation 1951976271858282836 (attempt 1/3)
2025-08-19 12:02:22 | INFO     | main.py:53            | ✅	Success: /twitter/tweet/thread_context for conversation 1951976271858282836 (attempt 1/3)
2025-08-19 12:02:24 | INFO     | main.py:53            | ✅	Success: /twitter/tweet/thread_context for conversation 1951976269605974099 (attempt 1/3)
2025-08-19 12:02:25 | INFO     | main.py:61            | ✅	Success: /twitter/tweet/advanced_search (attempt 1/3)
2025-08-19 12:02:26 | INFO     | main.py:53            | ✅	Success: /twitter/tweet/thread_context for conversation 1951976267986939987 (attempt 1/3)
2025-08-19 12:02:27 | INFO     | main.py:53            | ✅	Success: /twitter/tweet/thread_context for conversation 1951976267533922386 (attempt 1/3)
2025-08-19 12:02:29 | INFO     | main.py:53            | ✅	Success: /twitter/tweet/thread_context for conversation 1951976267173233118 (attempt 1/3)
2025-08-19 12:02:31 | INFO     | main.py:53            | ✅	Success: /twitter/tweet/thread_context for conversation 1951976267173233118 (attempt 1/3)
2025-08-19 12:02:32 | INFO     | main.py:53            | ✅	Success: /twitter/tweet/thread_context for conversation 1951976266846114121 (attempt 1/3)
2025-08-19 12:02:32 | INFO     | main.py:53            | ✅	Success: /twitter/tweet/thread_context for conversation 1951976266846114121 (attempt 1/3)
2025-08-19 12:02:34 | INFO     | main.py:53            | ✅	Success: /twitter/tweet/thread_context for conversation 1951976266779029986 (attempt 1/3)
2025-08-19 12:02:35 | INFO     | main.py:53            | ✅	Success: /twitter/tweet/thread_context for conversation 1951976266779029986 (attempt 1/3)
2025-08-19 12:02:36 | INFO     | main.py:53            | ✅	Success: /twitter/tweet/thread_context for conversation 1951976265596154314 (attempt 1/3)
2025-08-19 12:02:38 | INFO     | main.py:53            | ✅	Success: /twitter/tweet/thread_context for conversation 1951976263218012614 (attempt 1/3)
2025-08-19 12:02:39 | INFO     | main.py:53            | ✅	Success: /twitter/tweet/thread_context for conversation 1951976262874071438 (attempt 1/3)
2025-08-19 12:02:41 | INFO     | main.py:53            | ✅	Success: /twitter/tweet/thread_context for conversation 1951976262387601449 (attempt 1/3)
2025-08-19 12:02:42 | INFO     | main.py:53            | ✅	Success: /twitter/tweet/thread_context for conversation 1951976262387601449 (attempt 1/3)
2025-08-19 12:02:43 | INFO     | main.py:53            | ✅	Success: /twitter/tweet/thread_context for conversation 1951976261506760813 (attempt 1/3)
2025-08-19 12:02:45 | INFO     | main.py:53            | ✅	Success: /twitter/tweet/thread_context for conversation 1951976261183787364 (attempt 1/3)
2025-08-19 12:02:46 | INFO     | main.py:53            | ✅	Success: /twitter/tweet/thread_context for conversation 1951976261183787364 (attempt 1/3)
2025-08-19 12:02:48 | INFO     | main.py:53            | ✅	Success: /twitter/tweet/thread_context for conversation 1951976260864983374 (attempt 1/3)
2025-08-19 12:02:49 | INFO     | main.py:53            | ✅	Success: /twitter/tweet/thread_context for conversation 1951976260864983374 (attempt 1/3)
2025-08-19 12:02:50 | INFO     | main.py:53            | ✅	Success: /twitter/tweet/thread_context for conversation 1951976260542091575 (attempt 1/3)
2025-08-19 12:02:52 | INFO     | main.py:53            | ✅	Success: /twitter/tweet/thread_context for conversation 1951976260542091575 (attempt 1/3)
2025-08-19 12:02:53 | INFO     | main.py:53            | ✅	Success: /twitter/tweet/thread_context for conversation 1951976259812286491 (attempt 1/3)
2025-08-19 12:02:54 | INFO     | main.py:53            | ✅	Success: /twitter/tweet/thread_context for conversation 1951976259812286491 (attempt 1/3)
2025-08-19 12:02:55 | INFO     | main.py:53            | ✅	Success: /twitter/tweet/thread_context for conversation 1951976258902069417 (attempt 1/3)
2025-08-19 12:02:56 | INFO     | main.py:53            | ✅	Success: /twitter/tweet/thread_context for conversation 1951976258902069417 (attempt 1/3)
2025-08-19 12:02:57 | INFO     | main.py:53            | ✅	Success: /twitter/tweet/thread_context for conversation 1951976256985297037 (attempt 1/3)
2025-08-19 12:02:58 | INFO     | main.py:53            | ✅	Success: /twitter/tweet/thread_context for conversation 1951976256985297037 (attempt 1/3)
2025-08-19 12:02:59 | INFO     | main.py:53            | ✅	Success: /twitter/tweet/thread_context for conversation 1951976255282364425 (attempt 1/3)
2025-08-19 12:03:01 | INFO     | main.py:53            | ✅	Success: /twitter/tweet/thread_context for conversation 1951976255282364425 (attempt 1/3)
2025-08-19 12:03:02 | INFO     | main.py:53            | ✅	Success: /twitter/tweet/thread_context for conversation 1951976254166704162 (attempt 1/3)
2025-08-19 12:03:03 | INFO     | main.py:53            | ✅	Success: /twitter/tweet/thread_context for conversation 1951976254166704162 (attempt 1/3)
2025-08-19 12:03:04 | INFO     | main.py:61            | ✅	Success: /twitter/tweet/advanced_search (attempt 1/3)
2025-08-19 12:03:05 | INFO     | main.py:53            | ✅	Success: /twitter/tweet/thread_context for conversation 1951976253990510732 (attempt 1/3)
2025-08-19 12:03:06 | INFO     | main.py:53            | ✅	Success: /twitter/tweet/thread_context for conversation 1951976253990510732 (attempt 1/3)
2025-08-19 12:03:12 | INFO     | main.py:53            | ✅	Success: /twitter/tweet/thread_context for conversation 1951976253621494028 (attempt 1/3)
2025-08-19 12:03:14 | INFO     | main.py:53            | ✅	Success: /twitter/tweet/thread_context for conversation 1951976253218783666 (attempt 1/3)
2025-08-19 12:03:15 | INFO     | main.py:53            | ✅	Success: /twitter/tweet/thread_context for conversation 1951976253218783666 (attempt 1/3)
2025-08-19 12:03:16 | INFO     | main.py:53            | ✅	Success: /twitter/tweet/thread_context for conversation 1951976252715454570 (attempt 1/3)
2025-08-19 12:03:18 | INFO     | main.py:53            | ✅	Success: /twitter/tweet/thread_context for conversation 1951976252329627668 (attempt 1/3)
2025-08-19 12:03:19 | INFO     | main.py:53            | ✅	Success: /twitter/tweet/thread_context for conversation 1951976252329627668 (attempt 1/3)
2025-08-19 12:03:21 | INFO     | main.py:53            | ✅	Success: /twitter/tweet/thread_context for conversation 1951976252140847608 (attempt 1/3)
2025-08-19 12:03:21 | INFO     | main.py:53            | ✅	Success: /twitter/tweet/thread_context for conversation 1951976243957829984 (attempt 1/3)
2025-08-19 12:03:22 | INFO     | main.py:53            | ✅	Success: /twitter/tweet/thread_context for conversation 1951976243613859911 (attempt 1/3)
2025-08-19 12:03:24 | INFO     | main.py:53            | ✅	Success: /twitter/tweet/thread_context for conversation 1951976243613859911 (attempt 1/3)
2025-08-19 12:03:25 | INFO     | main.py:53            | ✅	Success: /twitter/tweet/thread_context for conversation 1951976251469836697 (attempt 1/3)
2025-08-19 12:03:26 | INFO     | main.py:53            | ✅	Success: /twitter/tweet/thread_context for conversation 1951976251469836697 (attempt 1/3)
2025-08-19 12:03:27 | INFO     | main.py:53            | ✅	Success: /twitter/tweet/thread_context for conversation 1951976249813070045 (attempt 1/3)
2025-08-19 12:03:28 | INFO     | main.py:53            | ✅	Success: /twitter/tweet/thread_context for conversation 1951976249259332012 (attempt 1/3)
2025-08-19 12:03:30 | INFO     | main.py:53            | ✅	Success: /twitter/tweet/thread_context for conversation 1951976249259332012 (attempt 1/3)
2025-08-19 12:03:31 | INFO     | main.py:53            | ✅	Success: /twitter/tweet/thread_context for conversation 1951976247824974097 (attempt 1/3)
2025-08-19 12:03:32 | INFO     | main.py:53            | ✅	Success: /twitter/tweet/thread_context for conversation 1951976247615164442 (attempt 1/3)
2025-08-19 12:03:33 | INFO     | main.py:53            | ✅	Success: /twitter/tweet/thread_context for conversation 1951976247518789817 (attempt 1/3)
2025-08-19 12:03:34 | INFO     | main.py:53            | ✅	Success: /twitter/tweet/thread_context for conversation 1951976247518789817 (attempt 1/3)
2025-08-19 12:03:35 | INFO     | main.py:53            | ✅	Success: /twitter/tweet/thread_context for conversation 1951976247128731801 (attempt 1/3)
2025-08-19 12:03:36 | INFO     | main.py:53            | ✅	Success: /twitter/tweet/thread_context for conversation 1951976246860230836 (attempt 1/3)
2025-08-19 12:03:38 | INFO     | main.py:53            | ✅	Success: /twitter/tweet/thread_context for conversation 1951976245073433037 (attempt 1/3)
2025-08-19 12:03:40 | INFO     | main.py:53            | ✅	Success: /twitter/tweet/thread_context for conversation 1951976242196193563 (attempt 1/3)
2025-08-19 12:03:41 | INFO     | main.py:61            | ✅	Success: /twitter/tweet/advanced_search (attempt 1/3)
2025-08-19 12:03:42 | INFO     | main.py:53            | ✅	Success: /twitter/tweet/thread_context for conversation 1951976242145820736 (attempt 1/3)
2025-08-19 12:03:43 | INFO     | main.py:53            | ✅	Success: /twitter/tweet/thread_context for conversation 1951976241478901997 (attempt 1/3)
2025-08-19 12:03:44 | INFO     | main.py:53            | ✅	Success: /twitter/tweet/thread_context for conversation 1951976241390923857 (attempt 1/3)
2025-08-19 12:03:46 | INFO     | main.py:53            | ✅	Success: /twitter/tweet/thread_context for conversation 1951976236361933205 (attempt 1/3)
2025-08-19 12:03:46 | INFO     | main.py:53            | ✅	Success: /twitter/tweet/thread_context for conversation 1951976236361933205 (attempt 1/3)
2025-08-19 12:03:47 | INFO     | main.py:53            | ✅	Success: /twitter/tweet/thread_context for conversation 1951976241260863624 (attempt 1/3)
2025-08-19 12:03:49 | INFO     | main.py:53            | ✅	Success: /twitter/tweet/thread_context for conversation 1951976239071481934 (attempt 1/3)
2025-08-19 12:03:51 | INFO     | main.py:53            | ✅	Success: /twitter/tweet/thread_context for conversation 1951976239071481934 (attempt 1/3)
2025-08-19 12:03:52 | INFO     | main.py:53            | ✅	Success: /twitter/tweet/thread_context for conversation 1951976238123528543 (attempt 1/3)
2025-08-19 12:03:53 | INFO     | main.py:53            | ✅	Success: /twitter/tweet/thread_context for conversation 1951976238123528543 (attempt 1/3)
2025-08-19 12:03:54 | INFO     | main.py:53            | ✅	Success: /twitter/tweet/thread_context for conversation 1951976238039576689 (attempt 1/3)
2025-08-19 12:03:55 | INFO     | main.py:53            | ✅	Success: /twitter/tweet/thread_context for conversation 1951976237314040068 (attempt 1/3)
2025-08-19 12:03:56 | INFO     | main.py:53            | ✅	Success: /twitter/tweet/thread_context for conversation 1951976237225947629 (attempt 1/3)
2025-08-19 12:03:57 | INFO     | main.py:53            | ✅	Success: /twitter/tweet/thread_context for conversation 1951976236810743863 (attempt 1/3)
2025-08-19 12:03:58 | INFO     | main.py:53            | ✅	Success: /twitter/tweet/thread_context for conversation 1951976235204219009 (attempt 1/3)
2025-08-19 12:03:59 | INFO     | main.py:53            | ✅	Success: /twitter/tweet/thread_context for conversation 1951976235204219009 (attempt 1/3)
2025-08-19 12:04:00 | INFO     | main.py:53            | ✅	Success: /twitter/tweet/thread_context for conversation 1951976233874706722 (attempt 1/3)
2025-08-19 12:04:01 | INFO     | main.py:53            | ✅	Success: /twitter/tweet/thread_context for conversation 1951976233367187591 (attempt 1/3)
2025-08-19 12:04:03 | INFO     | main.py:53            | ✅	Success: /twitter/tweet/thread_context for conversation 1951976232964514295 (attempt 1/3)
2025-08-19 12:04:04 | INFO     | main.py:53            | ✅	Success: /twitter/tweet/thread_context for conversation 1951976232910016841 (attempt 1/3)
2025-08-19 12:04:06 | INFO     | main.py:53            | ✅	Success: /twitter/tweet/thread_context for conversation 1951976232129847308 (attempt 1/3)
2025-08-19 12:04:07 | INFO     | main.py:61            | ✅	Success: /twitter/tweet/advanced_search (attempt 1/3)
2025-08-19 12:04:08 | INFO     | main.py:53            | ✅	Success: /twitter/tweet/thread_context for conversation 1951976232066978230 (attempt 1/3)
2025-08-19 12:04:10 | INFO     | main.py:53            | ✅	Success: /twitter/tweet/thread_context for conversation 1951976231769174488 (attempt 1/3)
2025-08-19 12:04:11 | INFO     | main.py:53            | ✅	Success: /twitter/tweet/thread_context for conversation 1951976231769174488 (attempt 1/3)
2025-08-19 12:04:13 | INFO     | main.py:53            | ✅	Success: /twitter/tweet/thread_context for conversation 1951976231764898116 (attempt 1/3)
2025-08-19 12:04:14 | INFO     | main.py:53            | ✅	Success: /twitter/tweet/thread_context for conversation 1951976231764898116 (attempt 1/3)
2025-08-19 12:04:15 | INFO     | main.py:53            | ✅	Success: /twitter/tweet/thread_context for conversation 1951976231689416831 (attempt 1/3)
2025-08-19 12:04:17 | INFO     | main.py:53            | ✅	Success: /twitter/tweet/thread_context for conversation 1951976231689416831 (attempt 1/3)
2025-08-19 12:04:18 | INFO     | main.py:53            | ✅	Success: /twitter/tweet/thread_context for conversation 1951976229562884165 (attempt 1/3)
2025-08-19 12:04:19 | INFO     | main.py:53            | ✅	Success: /twitter/tweet/thread_context for conversation 1951976231559413830 (attempt 1/3)
2025-08-19 12:04:21 | INFO     | main.py:53            | ✅	Success: /twitter/tweet/thread_context for conversation 1951976230687043825 (attempt 1/3)
2025-08-19 12:04:22 | INFO     | main.py:53            | ✅	Success: /twitter/tweet/thread_context for conversation 1951976230124912769 (attempt 1/3)
2025-08-19 12:04:23 | INFO     | main.py:53            | ✅	Success: /twitter/tweet/thread_context for conversation 1951976230124912769 (attempt 1/3)
2025-08-19 12:04:24 | INFO     | main.py:53            | ✅	Success: /twitter/tweet/thread_context for conversation 1951976229885940106 (attempt 1/3)
2025-08-19 12:04:25 | INFO     | main.py:53            | ✅	Success: /twitter/tweet/thread_context for conversation 1951976229885940106 (attempt 1/3)
2025-08-19 12:04:26 | INFO     | main.py:53            | ✅	Success: /twitter/tweet/thread_context for conversation 1951976229718118812 (attempt 1/3)
2025-08-19 12:04:27 | INFO     | main.py:53            | ✅	Success: /twitter/tweet/thread_context for conversation 1951976229705572618 (attempt 1/3)
2025-08-19 12:04:28 | INFO     | main.py:53            | ✅	Success: /twitter/tweet/thread_context for conversation 1951976229705572618 (attempt 1/3)
2025-08-19 12:04:29 | INFO     | main.py:53            | ✅	Success: /twitter/tweet/thread_context for conversation 1951976228635984119 (attempt 1/3)
2025-08-19 12:04:31 | INFO     | main.py:53            | ✅	Success: /twitter/tweet/thread_context for conversation 1951976228451393673 (attempt 1/3)
2025-08-19 12:04:32 | INFO     | main.py:53            | ✅	Success: /twitter/tweet/thread_context for conversation 1951976228120080491 (attempt 1/3)
2025-08-19 12:04:34 | INFO     | main.py:53            | ✅	Success: /twitter/tweet/thread_context for conversation 1951976227818136002 (attempt 1/3)
2025-08-19 12:04:35 | INFO     | main.py:53            | ✅	Success: /twitter/tweet/thread_context for conversation 1951976227818136002 (attempt 1/3)
2025-08-19 12:04:36 | INFO     | main.py:53            | ✅	Success: /twitter/tweet/thread_context for conversation 1951976227520295293 (attempt 1/3)
2025-08-19 12:04:37 | INFO     | main.py:53            | ✅	Success: /twitter/tweet/thread_context for conversation 1951976227222565085 (attempt 1/3)
2025-08-19 12:04:38 | INFO     | main.py:53            | ✅	Success: /twitter/tweet/thread_context for conversation 1951976226756964734 (attempt 1/3)
2025-08-19 12:04:39 | INFO     | main.py:61            | ✅	Success: /twitter/tweet/advanced_search (attempt 1/3)
2025-08-19 12:04:41 | INFO     | main.py:53            | ✅	Success: /twitter/tweet/thread_context for conversation 1951976226224255038 (attempt 1/3)
2025-08-19 12:04:42 | INFO     | main.py:53            | ✅	Success: /twitter/tweet/thread_context for conversation 1951976226224255038 (attempt 1/3)
2025-08-19 12:04:43 | INFO     | main.py:53            | ✅	Success: /twitter/tweet/thread_context for conversation 1951976226002014432 (attempt 1/3)
2025-08-19 12:04:44 | INFO     | main.py:53            | ✅	Success: /twitter/tweet/thread_context for conversation 1951976226002014432 (attempt 1/3)
2025-08-19 12:04:45 | INFO     | main.py:53            | ✅	Success: /twitter/tweet/thread_context for conversation 1951976225737678995 (attempt 1/3)
2025-08-19 12:04:47 | INFO     | main.py:53            | ✅	Success: /twitter/tweet/thread_context for conversation 1951976225196613866 (attempt 1/3)
2025-08-19 12:04:48 | INFO     | main.py:53            | ✅	Success: /twitter/tweet/thread_context for conversation 1951976224307482989 (attempt 1/3)
2025-08-19 12:04:49 | INFO     | main.py:53            | ✅	Success: /twitter/tweet/thread_context for conversation 1951976224307482989 (attempt 1/3)
2025-08-19 12:04:50 | INFO     | main.py:53            | ✅	Success: /twitter/tweet/thread_context for conversation 1951976224156430381 (attempt 1/3)
2025-08-19 12:04:51 | INFO     | main.py:53            | ✅	Success: /twitter/tweet/thread_context for conversation 1951976223955210717 (attempt 1/3)
2025-08-19 12:04:52 | INFO     | main.py:53            | ✅	Success: /twitter/tweet/thread_context for conversation 1951976223279874059 (attempt 1/3)
2025-08-19 12:04:54 | INFO     | main.py:53            | ✅	Success: /twitter/tweet/thread_context for conversation 1951976223279874059 (attempt 1/3)
2025-08-19 12:04:55 | INFO     | main.py:53            | ✅	Success: /twitter/tweet/thread_context for conversation 1951976221186904287 (attempt 1/3)
2025-08-19 12:04:56 | INFO     | main.py:53            | ✅	Success: /twitter/tweet/thread_context for conversation 1951976223506305344 (attempt 1/3)
2025-08-19 12:04:58 | INFO     | main.py:53            | ✅	Success: /twitter/tweet/thread_context for conversation 1951976223451836589 (attempt 1/3)
2025-08-19 12:04:59 | INFO     | main.py:53            | ✅	Success: /twitter/tweet/thread_context for conversation 1951976222499725741 (attempt 1/3)
2025-08-19 12:05:00 | INFO     | main.py:53            | ✅	Success: /twitter/tweet/thread_context for conversation 1951976221061034414 (attempt 1/3)
2025-08-19 12:05:01 | INFO     | main.py:53            | ✅	Success: /twitter/tweet/thread_context for conversation 1951976221061034414 (attempt 1/3)
2025-08-19 12:05:03 | INFO     | main.py:53            | ✅	Success: /twitter/tweet/thread_context for conversation 1951976220851413065 (attempt 1/3)
2025-08-19 12:05:05 | INFO     | main.py:53            | ✅	Success: /twitter/tweet/thread_context for conversation 1951976220528439806 (attempt 1/3)
2025-08-19 12:05:06 | INFO     | main.py:53            | ✅	Success: /twitter/tweet/thread_context for conversation 1951976220528439806 (attempt 1/3)
2025-08-19 12:05:07 | INFO     | main.py:53            | ✅	Success: /twitter/tweet/thread_context for conversation 1951976219827978693 (attempt 1/3)
2025-08-19 12:05:09 | INFO     | main.py:53            | ✅	Success: /twitter/tweet/thread_context for conversation 1951976219827978693 (attempt 1/3)
2025-08-19 12:05:10 | INFO     | main.py:53            | ✅	Success: /twitter/tweet/thread_context for conversation 1951976219597320206 (attempt 1/3)
2025-08-19 12:05:11 | INFO     | main.py:53            | ✅	Success: /twitter/tweet/thread_context for conversation 1951976219597320206 (attempt 1/3)
2025-08-19 12:05:12 | INFO     | main.py:53            | ✅	Success: /twitter/tweet/thread_context for conversation 1951976218284396610 (attempt 1/3)
2025-08-19 12:05:13 | INFO     | main.py:53            | ✅	Success: /twitter/tweet/thread_context for conversation 1951976218284396610 (attempt 1/3)
2025-08-19 12:05:14 | INFO     | main.py:61            | ✅	Success: /twitter/tweet/advanced_search (attempt 1/3)
2025-08-19 12:05:15 | INFO     | main.py:53            | ✅	Success: /twitter/tweet/thread_context for conversation 1951976217944740175 (attempt 1/3)
2025-08-19 12:05:16 | INFO     | main.py:53            | ✅	Success: /twitter/tweet/thread_context for conversation 1951976217944740175 (attempt 1/3)
2025-08-19 12:05:17 | INFO     | main.py:53            | ✅	Success: /twitter/tweet/thread_context for conversation 1951976217810464946 (attempt 1/3)
2025-08-19 12:05:18 | INFO     | main.py:53            | ✅	Success: /twitter/tweet/thread_context for conversation 1951976217797956091 (attempt 1/3)
2025-08-19 12:05:20 | INFO     | main.py:53            | ✅	Success: /twitter/tweet/thread_context for conversation 1951976217441444184 (attempt 1/3)
2025-08-19 12:05:21 | INFO     | main.py:53            | ✅	Success: /twitter/tweet/thread_context for conversation 1951976217441444184 (attempt 1/3)
2025-08-19 12:05:22 | INFO     | main.py:53            | ✅	Success: /twitter/tweet/thread_context for conversation 1951976217424592979 (attempt 1/3)
2025-08-19 12:05:23 | INFO     | main.py:53            | ✅	Success: /twitter/tweet/thread_context for conversation 1951976217424592979 (attempt 1/3)
2025-08-19 12:05:24 | INFO     | main.py:53            | ✅	Success: /twitter/tweet/thread_context for conversation 1951976217059688863 (attempt 1/3)
2025-08-19 12:05:25 | INFO     | main.py:53            | ✅	Success: /twitter/tweet/thread_context for conversation 1951976217059688863 (attempt 1/3)
2025-08-19 12:05:27 | INFO     | main.py:53            | ✅	Success: /twitter/tweet/thread_context for conversation 1951976216350851292 (attempt 1/3)
2025-08-19 12:05:28 | INFO     | main.py:53            | ✅	Success: /twitter/tweet/thread_context for conversation 1951976215046451273 (attempt 1/3)
2025-08-19 12:05:28 | INFO     | main.py:286           | Streaming complete: 10 search page(s); ~1247 upsert attempts.
2025-08-19 12:05:28 | INFO     | format_objects.py:280 | Raw dump: 300 conversation(s) → ./grok_data/raw.json
2025-08-19 12:05:29 | INFO     | format_objects.py:442 | Transform complete: 300 conversation(s) → grok_data/data.json
2025-08-19 12:05:29 | INFO     | main.py:305           | Done! Run summary — elapsed=318.7s | conversations=150 | search_pages=10 | upserts≈1247 | api_success=491 / attempts=491
2025-08-19 12:05:29 | INFO     | cli.py:68             | ▶️	Block 2025-08-03 12:00:00 → 2025-08-03 18:00:00 | handle=grok | cap=150
2025-08-19 12:05:29 | INFO     | format_objects.py:29  | Built query:	from:grok filter:replies -filter:retweets -filter:quote -filter:self_threads since:2025-08-03_12:00:00_UTC until:2025-08-03_18:00:00_UTC
2025-08-19 12:05:29 | INFO     | main.py:61            | ✅	Success: /twitter/tweet/advanced_search (attempt 1/3)
2025-08-19 12:05:31 | INFO     | main.py:53            | ✅	Success: /twitter/tweet/thread_context for conversation 1952066936478806238 (attempt 1/3)
2025-08-19 12:05:32 | INFO     | main.py:53            | ✅	Success: /twitter/tweet/thread_context for conversation 1952066936478806238 (attempt 1/3)
2025-08-19 12:05:33 | INFO     | main.py:53            | ✅	Success: /twitter/tweet/thread_context for conversation 1952066935791005869 (attempt 1/3)
2025-08-19 12:05:35 | INFO     | main.py:53            | ✅	Success: /twitter/tweet/thread_context for conversation 1952066935539323071 (attempt 1/3)
2025-08-19 12:05:37 | INFO     | main.py:53            | ✅	Success: /twitter/tweet/thread_context for conversation 1952066935149260934 (attempt 1/3)
2025-08-19 12:05:38 | INFO     | main.py:53            | ✅	Success: /twitter/tweet/thread_context for conversation 1952066935149260934 (attempt 1/3)
2025-08-19 12:05:39 | INFO     | main.py:53            | ✅	Success: /twitter/tweet/thread_context for conversation 1952066934218088590 (attempt 1/3)
2025-08-19 12:05:40 | INFO     | main.py:53            | ✅	Success: /twitter/tweet/thread_context for conversation 1952066933265949183 (attempt 1/3)
2025-08-19 12:05:41 | INFO     | main.py:53            | ✅	Success: /twitter/tweet/thread_context for conversation 1952066931575673329 (attempt 1/3)
2025-08-19 12:05:43 | INFO     | main.py:53            | ✅	Success: /twitter/tweet/thread_context for conversation 1952066931110133864 (attempt 1/3)
2025-08-19 12:05:43 | INFO     | main.py:53            | ✅	Success: /twitter/tweet/thread_context for conversation 1952066931110133864 (attempt 1/3)
2025-08-19 12:05:44 | INFO     | main.py:53            | ✅	Success: /twitter/tweet/thread_context for conversation 1952066930975862950 (attempt 1/3)
2025-08-19 12:05:46 | INFO     | main.py:53            | ✅	Success: /twitter/tweet/thread_context for conversation 1952066930715787309 (attempt 1/3)
2025-08-19 12:05:47 | INFO     | main.py:53            | ✅	Success: /twitter/tweet/thread_context for conversation 1952066930392899962 (attempt 1/3)
2025-08-19 12:05:48 | INFO     | main.py:53            | ✅	Success: /twitter/tweet/thread_context for conversation 1952066930246095232 (attempt 1/3)
2025-08-19 12:05:49 | INFO     | main.py:53            | ✅	Success: /twitter/tweet/thread_context for conversation 1952066930246095232 (attempt 1/3)
2025-08-19 12:05:50 | INFO     | main.py:53            | ✅	Success: /twitter/tweet/thread_context for conversation 1952066929533022638 (attempt 1/3)
2025-08-19 12:05:52 | INFO     | main.py:53            | ✅	Success: /twitter/tweet/thread_context for conversation 1952066929533022638 (attempt 1/3)
2025-08-19 12:05:53 | INFO     | main.py:53            | ✅	Success: /twitter/tweet/thread_context for conversation 1952066929453400450 (attempt 1/3)
2025-08-19 12:05:54 | INFO     | main.py:53            | ✅	Success: /twitter/tweet/thread_context for conversation 1952066929453400450 (attempt 1/3)
2025-08-19 12:05:56 | INFO     | main.py:53            | ✅	Success: /twitter/tweet/thread_context for conversation 1952066928262201462 (attempt 1/3)
2025-08-19 12:05:57 | INFO     | main.py:53            | ✅	Success: /twitter/tweet/thread_context for conversation 1952066928207638873 (attempt 1/3)
2025-08-19 12:06:00 | INFO     | main.py:53            | ✅	Success: /twitter/tweet/thread_context for conversation 1952066928207638873 (attempt 1/3)
2025-08-19 12:06:01 | INFO     | main.py:53            | ✅	Success: /twitter/tweet/thread_context for conversation 1952066927935078584 (attempt 1/3)
2025-08-19 12:06:01 | INFO     | main.py:53            | ✅	Success: /twitter/tweet/thread_context for conversation 1952066926714483036 (attempt 1/3)
2025-08-19 12:06:03 | INFO     | main.py:61            | ✅	Success: /twitter/tweet/advanced_search (attempt 1/3)
2025-08-19 12:06:04 | INFO     | main.py:53            | ✅	Success: /twitter/tweet/thread_context for conversation 1952066926634766388 (attempt 1/3)
2025-08-19 12:06:06 | INFO     | main.py:53            | ✅	Success: /twitter/tweet/thread_context for conversation 1952066926634766388 (attempt 1/3)
2025-08-19 12:06:07 | INFO     | main.py:53            | ✅	Success: /twitter/tweet/thread_context for conversation 1952066926571864390 (attempt 1/3)
2025-08-19 12:06:10 | INFO     | main.py:53            | ✅	Success: /twitter/tweet/thread_context for conversation 1952066924957008184 (attempt 1/3)
2025-08-19 12:06:11 | INFO     | main.py:53            | ✅	Success: /twitter/tweet/thread_context for conversation 1952066924957008184 (attempt 1/3)
2025-08-19 12:06:12 | INFO     | main.py:53            | ✅	Success: /twitter/tweet/thread_context for conversation 1952066924256579668 (attempt 1/3)
2025-08-19 12:06:14 | INFO     | main.py:53            | ✅	Success: /twitter/tweet/thread_context for conversation 1952066923547779212 (attempt 1/3)
2025-08-19 12:06:15 | INFO     | main.py:53            | ✅	Success: /twitter/tweet/thread_context for conversation 1952066923065462921 (attempt 1/3)
2025-08-19 12:06:17 | INFO     | main.py:53            | ✅	Success: /twitter/tweet/thread_context for conversation 1952066922411159958 (attempt 1/3)
2025-08-19 12:06:18 | INFO     | main.py:53            | ✅	Success: /twitter/tweet/thread_context for conversation 1952066920993411431 (attempt 1/3)
2025-08-19 12:06:19 | INFO     | main.py:53            | ✅	Success: /twitter/tweet/thread_context for conversation 1952066920993411431 (attempt 1/3)
2025-08-19 12:06:20 | INFO     | main.py:53            | ✅	Success: /twitter/tweet/thread_context for conversation 1952066920850800797 (attempt 1/3)
2025-08-19 12:06:21 | INFO     | main.py:53            | ✅	Success: /twitter/tweet/thread_context for conversation 1952066920439750823 (attempt 1/3)
2025-08-19 12:06:22 | INFO     | main.py:53            | ✅	Success: /twitter/tweet/thread_context for conversation 1952066920439750823 (attempt 1/3)
2025-08-19 12:06:23 | INFO     | main.py:53            | ✅	Success: /twitter/tweet/thread_context for conversation 1952066919122821124 (attempt 1/3)
2025-08-19 12:06:24 | INFO     | main.py:53            | ✅	Success: /twitter/tweet/thread_context for conversation 1952066917780553955 (attempt 1/3)
2025-08-19 12:06:26 | INFO     | main.py:53            | ✅	Success: /twitter/tweet/thread_context for conversation 1952066917130551725 (attempt 1/3)
2025-08-19 12:06:27 | INFO     | main.py:53            | ✅	Success: /twitter/tweet/thread_context for conversation 1952066916501315984 (attempt 1/3)
2025-08-19 12:06:28 | INFO     | main.py:53            | ✅	Success: /twitter/tweet/thread_context for conversation 1952066916501315984 (attempt 1/3)
2025-08-19 12:06:29 | INFO     | main.py:53            | ✅	Success: /twitter/tweet/thread_context for conversation 1952066916488814901 (attempt 1/3)
2025-08-19 12:06:29 | INFO     | main.py:53            | ✅	Success: /twitter/tweet/thread_context for conversation 1952066916488814901 (attempt 1/3)
2025-08-19 12:06:31 | INFO     | main.py:53            | ✅	Success: /twitter/tweet/thread_context for conversation 1952066916438430132 (attempt 1/3)
2025-08-19 12:06:32 | INFO     | main.py:53            | ✅	Success: /twitter/tweet/thread_context for conversation 1952066915951849598 (attempt 1/3)
2025-08-19 12:06:33 | INFO     | main.py:61            | ✅	Success: /twitter/tweet/advanced_search (attempt 1/3)
2025-08-19 12:06:35 | INFO     | main.py:53            | ✅	Success: /twitter/tweet/thread_context for conversation 1952066913741451594 (attempt 1/3)
2025-08-19 12:06:36 | INFO     | main.py:53            | ✅	Success: /twitter/tweet/thread_context for conversation 1952066913741451594 (attempt 1/3)
2025-08-19 12:06:37 | INFO     | main.py:53            | ✅	Success: /twitter/tweet/thread_context for conversation 1952066913347276845 (attempt 1/3)
2025-08-19 12:06:39 | INFO     | main.py:53            | ✅	Success: /twitter/tweet/thread_context for conversation 1952066913347276845 (attempt 1/3)
2025-08-19 12:06:39 | INFO     | main.py:53            | ✅	Success: /twitter/tweet/thread_context for conversation 1952066912969720276 (attempt 1/3)
2025-08-19 12:06:41 | INFO     | main.py:53            | ✅	Success: /twitter/tweet/thread_context for conversation 1952066912969720276 (attempt 1/3)
2025-08-19 12:06:42 | INFO     | main.py:53            | ✅	Success: /twitter/tweet/thread_context for conversation 1952066912697110722 (attempt 1/3)
2025-08-19 12:06:43 | INFO     | main.py:53            | ✅	Success: /twitter/tweet/thread_context for conversation 1952066912281825465 (attempt 1/3)
2025-08-19 12:06:43 | INFO     | main.py:53            | ✅	Success: /twitter/tweet/thread_context for conversation 1952066912281825465 (attempt 1/3)
2025-08-19 12:06:45 | INFO     | main.py:53            | ✅	Success: /twitter/tweet/thread_context for conversation 1952066912017633691 (attempt 1/3)
2025-08-19 12:06:45 | INFO     | main.py:53            | ✅	Success: /twitter/tweet/thread_context for conversation 1952066912017633691 (attempt 1/3)
2025-08-19 12:06:46 | INFO     | main.py:53            | ✅	Success: /twitter/tweet/thread_context for conversation 1952066911958900900 (attempt 1/3)
2025-08-19 12:06:48 | INFO     | main.py:53            | ✅	Success: /twitter/tweet/thread_context for conversation 1952066911958900900 (attempt 1/3)
2025-08-19 12:06:49 | INFO     | main.py:53            | ✅	Success: /twitter/tweet/thread_context for conversation 1952066911803781581 (attempt 1/3)
2025-08-19 12:06:50 | INFO     | main.py:53            | ✅	Success: /twitter/tweet/thread_context for conversation 1952066911132614896 (attempt 1/3)
2025-08-19 12:06:51 | INFO     | main.py:53            | ✅	Success: /twitter/tweet/thread_context for conversation 1952066911132614896 (attempt 1/3)
2025-08-19 12:06:53 | INFO     | main.py:53            | ✅	Success: /twitter/tweet/thread_context for conversation 1952066911073960198 (attempt 1/3)
2025-08-19 12:06:54 | INFO     | main.py:53            | ✅	Success: /twitter/tweet/thread_context for conversation 1952066909828272508 (attempt 1/3)
2025-08-19 12:06:55 | INFO     | main.py:53            | ✅	Success: /twitter/tweet/thread_context for conversation 1952066909828272508 (attempt 1/3)
2025-08-19 12:06:56 | INFO     | main.py:53            | ✅	Success: /twitter/tweet/thread_context for conversation 1952066909270397105 (attempt 1/3)
2025-08-19 12:06:57 | INFO     | main.py:53            | ✅	Success: /twitter/tweet/thread_context for conversation 1952066909270397105 (attempt 1/3)
2025-08-19 12:06:59 | INFO     | main.py:53            | ✅	Success: /twitter/tweet/thread_context for conversation 1952066908666380542 (attempt 1/3)
2025-08-19 12:07:00 | INFO     | main.py:53            | ✅	Success: /twitter/tweet/thread_context for conversation 1952066908179796064 (attempt 1/3)
2025-08-19 12:07:02 | INFO     | main.py:53            | ✅	Success: /twitter/tweet/thread_context for conversation 1952066907223540142 (attempt 1/3)
2025-08-19 12:07:04 | INFO     | main.py:53            | ✅	Success: /twitter/tweet/thread_context for conversation 1952066906607018288 (attempt 1/3)
2025-08-19 12:07:05 | INFO     | main.py:53            | ✅	Success: /twitter/tweet/thread_context for conversation 1952066906607018288 (attempt 1/3)
2025-08-19 12:07:06 | INFO     | main.py:53            | ✅	Success: /twitter/tweet/thread_context for conversation 1952066906573398148 (attempt 1/3)
2025-08-19 12:07:08 | INFO     | main.py:53            | ✅	Success: /twitter/tweet/thread_context for conversation 1952066906573398148 (attempt 1/3)
2025-08-19 12:07:09 | INFO     | main.py:53            | ✅	Success: /twitter/tweet/thread_context for conversation 1952066905835290865 (attempt 1/3)
2025-08-19 12:07:10 | INFO     | main.py:53            | ✅	Success: /twitter/tweet/thread_context for conversation 1952066905835290865 (attempt 1/3)
2025-08-19 12:07:12 | INFO     | main.py:53            | ✅	Success: /twitter/tweet/thread_context for conversation 1952066905701003471 (attempt 1/3)
2025-08-19 12:07:12 | INFO     | main.py:61            | ✅	Success: /twitter/tweet/advanced_search (attempt 1/3)
2025-08-19 12:07:13 | INFO     | main.py:53            | ✅	Success: /twitter/tweet/thread_context for conversation 1952066905172574339 (attempt 1/3)
2025-08-19 12:07:15 | INFO     | main.py:53            | ✅	Success: /twitter/tweet/thread_context for conversation 1952066905067675821 (attempt 1/3)
2025-08-19 12:07:17 | INFO     | main.py:53            | ✅	Success: /twitter/tweet/thread_context for conversation 1952066904073601056 (attempt 1/3)
2025-08-19 12:07:17 | INFO     | main.py:53            | ✅	Success: /twitter/tweet/thread_context for conversation 1952066904073601056 (attempt 1/3)
2025-08-19 12:07:19 | INFO     | main.py:53            | ✅	Success: /twitter/tweet/thread_context for conversation 1952066903712948557 (attempt 1/3)
2025-08-19 12:07:20 | INFO     | main.py:53            | ✅	Success: /twitter/tweet/thread_context for conversation 1952066903662592110 (attempt 1/3)
2025-08-19 12:07:21 | INFO     | main.py:53            | ✅	Success: /twitter/tweet/thread_context for conversation 1952066903599710691 (attempt 1/3)
2025-08-19 12:07:22 | INFO     | main.py:53            | ✅	Success: /twitter/tweet/thread_context for conversation 1952066903599710691 (attempt 1/3)
2025-08-19 12:07:23 | INFO     | main.py:53            | ✅	Success: /twitter/tweet/thread_context for conversation 1952066902815355186 (attempt 1/3)
2025-08-19 12:07:25 | INFO     | main.py:53            | ✅	Success: /twitter/tweet/thread_context for conversation 1952066898730086810 (attempt 1/3)
2025-08-19 12:07:25 | INFO     | main.py:53            | ✅	Success: /twitter/tweet/thread_context for conversation 1952066898050642154 (attempt 1/3)
2025-08-19 12:07:27 | INFO     | main.py:53            | ✅	Success: /twitter/tweet/thread_context for conversation 1952066897752756566 (attempt 1/3)
2025-08-19 12:07:28 | INFO     | main.py:53            | ✅	Success: /twitter/tweet/thread_context for conversation 1952066897752756566 (attempt 1/3)
2025-08-19 12:07:29 | INFO     | main.py:53            | ✅	Success: /twitter/tweet/thread_context for conversation 1952066897484419240 (attempt 1/3)
2025-08-19 12:07:30 | INFO     | main.py:53            | ✅	Success: /twitter/tweet/thread_context for conversation 1952066897484419240 (attempt 1/3)
2025-08-19 12:07:30 | INFO     | main.py:53            | ✅	Success: /twitter/tweet/thread_context for conversation 1952066897069113845 (attempt 1/3)
2025-08-19 12:07:32 | INFO     | main.py:53            | ✅	Success: /twitter/tweet/thread_context for conversation 1952066896641352086 (attempt 1/3)
2025-08-19 12:07:33 | INFO     | main.py:53            | ✅	Success: /twitter/tweet/thread_context for conversation 1952066896641352086 (attempt 1/3)
2025-08-19 12:07:34 | INFO     | main.py:53            | ✅	Success: /twitter/tweet/thread_context for conversation 1952066896440008745 (attempt 1/3)
2025-08-19 12:07:35 | INFO     | main.py:53            | ✅	Success: /twitter/tweet/thread_context for conversation 1952066896440008745 (attempt 1/3)
2025-08-19 12:07:37 | INFO     | main.py:53            | ✅	Success: /twitter/tweet/thread_context for conversation 1952066895999648076 (attempt 1/3)
2025-08-19 12:07:38 | INFO     | main.py:53            | ✅	Success: /twitter/tweet/thread_context for conversation 1952066895999648076 (attempt 1/3)
2025-08-19 12:07:39 | INFO     | main.py:53            | ✅	Success: /twitter/tweet/thread_context for conversation 1952066895487836423 (attempt 1/3)
2025-08-19 12:07:40 | INFO     | main.py:53            | ✅	Success: /twitter/tweet/thread_context for conversation 1952066895487836423 (attempt 1/3)
2025-08-19 12:07:41 | INFO     | main.py:53            | ✅	Success: /twitter/tweet/thread_context for conversation 1952066895303352519 (attempt 1/3)
2025-08-19 12:07:42 | INFO     | main.py:53            | ✅	Success: /twitter/tweet/thread_context for conversation 1952066894342787244 (attempt 1/3)
2025-08-19 12:07:43 | INFO     | main.py:53            | ✅	Success: /twitter/tweet/thread_context for conversation 1952066894342787244 (attempt 1/3)
2025-08-19 12:07:45 | INFO     | main.py:61            | ✅	Success: /twitter/tweet/advanced_search (attempt 1/3)
2025-08-19 12:07:47 | INFO     | main.py:53            | ✅	Success: /twitter/tweet/thread_context for conversation 1952066893344571506 (attempt 1/3)
2025-08-19 12:07:48 | INFO     | main.py:53            | ✅	Success: /twitter/tweet/thread_context for conversation 1952066893344571506 (attempt 1/3)
2025-08-19 12:07:49 | INFO     | main.py:53            | ✅	Success: /twitter/tweet/thread_context for conversation 1952066893294313586 (attempt 1/3)
2025-08-19 12:07:51 | INFO     | main.py:53            | ✅	Success: /twitter/tweet/thread_context for conversation 1952066893181039004 (attempt 1/3)
2025-08-19 12:07:52 | INFO     | main.py:53            | ✅	Success: /twitter/tweet/thread_context for conversation 1952066893181039004 (attempt 1/3)
2025-08-19 12:07:53 | INFO     | main.py:53            | ✅	Success: /twitter/tweet/thread_context for conversation 1952066893181001871 (attempt 1/3)
2025-08-19 12:07:55 | INFO     | main.py:53            | ✅	Success: /twitter/tweet/thread_context for conversation 1952066893071962408 (attempt 1/3)
2025-08-19 12:07:57 | INFO     | main.py:53            | ✅	Success: /twitter/tweet/thread_context for conversation 1952066892761588062 (attempt 1/3)
2025-08-19 12:07:58 | INFO     | main.py:53            | ✅	Success: /twitter/tweet/thread_context for conversation 1952066892761588062 (attempt 1/3)
2025-08-19 12:07:59 | INFO     | main.py:53            | ✅	Success: /twitter/tweet/thread_context for conversation 1952066890572140929 (attempt 1/3)
2025-08-19 12:08:01 | INFO     | main.py:53            | ✅	Success: /twitter/tweet/thread_context for conversation 1952066890458956057 (attempt 1/3)
2025-08-19 12:08:02 | INFO     | main.py:53            | ✅	Success: /twitter/tweet/thread_context for conversation 1952066890458956057 (attempt 1/3)
2025-08-19 12:08:03 | INFO     | main.py:53            | ✅	Success: /twitter/tweet/thread_context for conversation 1952066890312110409 (attempt 1/3)
2025-08-19 12:08:04 | INFO     | main.py:53            | ✅	Success: /twitter/tweet/thread_context for conversation 1952066890110771259 (attempt 1/3)
2025-08-19 12:08:06 | INFO     | main.py:53            | ✅	Success: /twitter/tweet/thread_context for conversation 1952066887397118156 (attempt 1/3)
2025-08-19 12:08:06 | INFO     | main.py:53            | ✅	Success: /twitter/tweet/thread_context for conversation 1952066887397118156 (attempt 1/3)
2025-08-19 12:08:08 | INFO     | main.py:53            | ✅	Success: /twitter/tweet/thread_context for conversation 1952066886868619456 (attempt 1/3)
2025-08-19 12:08:09 | INFO     | main.py:53            | ✅	Success: /twitter/tweet/thread_context for conversation 1952066886323310667 (attempt 1/3)
2025-08-19 12:08:10 | INFO     | main.py:53            | ✅	Success: /twitter/tweet/thread_context for conversation 1952066886122029470 (attempt 1/3)
2025-08-19 12:08:12 | INFO     | main.py:53            | ✅	Success: /twitter/tweet/thread_context for conversation 1952066886109462598 (attempt 1/3)
2025-08-19 12:08:13 | INFO     | main.py:53            | ✅	Success: /twitter/tweet/thread_context for conversation 1952066886109462598 (attempt 1/3)
2025-08-19 12:08:14 | INFO     | main.py:53            | ✅	Success: /twitter/tweet/thread_context for conversation 1952066885513888202 (attempt 1/3)
2025-08-19 12:08:16 | INFO     | main.py:53            | ✅	Success: /twitter/tweet/thread_context for conversation 1952066885513789555 (attempt 1/3)
2025-08-19 12:08:16 | INFO     | main.py:53            | ✅	Success: /twitter/tweet/thread_context for conversation 1952066885513789555 (attempt 1/3)
2025-08-19 12:08:17 | INFO     | main.py:53            | ✅	Success: /twitter/tweet/thread_context for conversation 1952066884708577366 (attempt 1/3)
2025-08-19 12:08:19 | INFO     | main.py:53            | ✅	Success: /twitter/tweet/thread_context for conversation 1952066884708577366 (attempt 1/3)
2025-08-19 12:08:20 | INFO     | main.py:61            | ✅	Success: /twitter/tweet/advanced_search (attempt 1/3)
2025-08-19 12:08:22 | INFO     | main.py:53            | ✅	Success: /twitter/tweet/thread_context for conversation 1952066884075163932 (attempt 1/3)
2025-08-19 12:08:23 | INFO     | main.py:53            | ✅	Success: /twitter/tweet/thread_context for conversation 1952066882846228922 (attempt 1/3)
2025-08-19 12:08:24 | INFO     | main.py:53            | ✅	Success: /twitter/tweet/thread_context for conversation 1952066882540028096 (attempt 1/3)
2025-08-19 12:08:26 | INFO     | main.py:53            | ✅	Success: /twitter/tweet/thread_context for conversation 1952066882183495991 (attempt 1/3)
2025-08-19 12:08:27 | INFO     | main.py:53            | ✅	Success: /twitter/tweet/thread_context for conversation 1952066882183495991 (attempt 1/3)
2025-08-19 12:08:28 | INFO     | main.py:53            | ✅	Success: /twitter/tweet/thread_context for conversation 1952066881604706553 (attempt 1/3)
2025-08-19 12:08:30 | INFO     | main.py:53            | ✅	Success: /twitter/tweet/thread_context for conversation 1952066880950460620 (attempt 1/3)
2025-08-19 12:08:31 | INFO     | main.py:53            | ✅	Success: /twitter/tweet/thread_context for conversation 1952066879872475456 (attempt 1/3)
2025-08-19 12:08:33 | INFO     | main.py:53            | ✅	Success: /twitter/tweet/thread_context for conversation 1952066879750856748 (attempt 1/3)
2025-08-19 12:08:34 | INFO     | main.py:53            | ✅	Success: /twitter/tweet/thread_context for conversation 1952066879750856748 (attempt 1/3)
2025-08-19 12:08:36 | INFO     | main.py:53            | ✅	Success: /twitter/tweet/thread_context for conversation 1952066878211608940 (attempt 1/3)
2025-08-19 12:08:37 | INFO     | main.py:53            | ✅	Success: /twitter/tweet/thread_context for conversation 1952066877221715993 (attempt 1/3)
2025-08-19 12:08:38 | INFO     | main.py:53            | ✅	Success: /twitter/tweet/thread_context for conversation 1952066877221715993 (attempt 1/3)
2025-08-19 12:08:39 | INFO     | main.py:53            | ✅	Success: /twitter/tweet/thread_context for conversation 1952066876638724206 (attempt 1/3)
2025-08-19 12:08:40 | INFO     | main.py:53            | ✅	Success: /twitter/tweet/thread_context for conversation 1952066873711112636 (attempt 1/3)
2025-08-19 12:08:41 | INFO     | main.py:53            | ✅	Success: /twitter/tweet/thread_context for conversation 1952066873711112636 (attempt 1/3)
2025-08-19 12:08:42 | INFO     | main.py:53            | ✅	Success: /twitter/tweet/thread_context for conversation 1952066873690034653 (attempt 1/3)
2025-08-19 12:08:43 | INFO     | main.py:53            | ✅	Success: /twitter/tweet/thread_context for conversation 1952066873677513075 (attempt 1/3)
2025-08-19 12:08:45 | INFO     | main.py:53            | ✅	Success: /twitter/tweet/thread_context for conversation 1952066873098670503 (attempt 1/3)
2025-08-19 12:08:46 | INFO     | main.py:53            | ✅	Success: /twitter/tweet/thread_context for conversation 1952066871223791638 (attempt 1/3)
2025-08-19 12:08:48 | INFO     | main.py:53            | ✅	Success: /twitter/tweet/thread_context for conversation 1952066871030898795 (attempt 1/3)
2025-08-19 12:08:49 | INFO     | main.py:53            | ✅	Success: /twitter/tweet/thread_context for conversation 1952066871030898795 (attempt 1/3)
2025-08-19 12:08:50 | INFO     | main.py:53            | ✅	Success: /twitter/tweet/thread_context for conversation 1952066870770819184 (attempt 1/3)
2025-08-19 12:08:52 | INFO     | main.py:61            | ✅	Success: /twitter/tweet/advanced_search (attempt 1/3)
2025-08-19 12:08:54 | INFO     | main.py:53            | ✅	Success: /twitter/tweet/thread_context for conversation 1952066870649168377 (attempt 1/3)
2025-08-19 12:08:55 | INFO     | main.py:53            | ✅	Success: /twitter/tweet/thread_context for conversation 1952066870649168377 (attempt 1/3)
2025-08-19 12:08:56 | INFO     | main.py:53            | ✅	Success: /twitter/tweet/thread_context for conversation 1952066870334623961 (attempt 1/3)
2025-08-19 12:08:58 | INFO     | main.py:53            | ✅	Success: /twitter/tweet/thread_context for conversation 1952066870334623961 (attempt 1/3)
2025-08-19 12:08:59 | INFO     | main.py:53            | ✅	Success: /twitter/tweet/thread_context for conversation 1952066870326301068 (attempt 1/3)
2025-08-19 12:09:00 | INFO     | main.py:53            | ✅	Success: /twitter/tweet/thread_context for conversation 1952066870217170970 (attempt 1/3)
2025-08-19 12:09:02 | INFO     | main.py:53            | ✅	Success: /twitter/tweet/thread_context for conversation 1952066870217170970 (attempt 1/3)
2025-08-19 12:09:03 | INFO     | main.py:53            | ✅	Success: /twitter/tweet/thread_context for conversation 1952066868744970485 (attempt 1/3)
2025-08-19 12:09:04 | INFO     | main.py:53            | ✅	Success: /twitter/tweet/thread_context for conversation 1952066868744970485 (attempt 1/3)
2025-08-19 12:09:06 | INFO     | main.py:53            | ✅	Success: /twitter/tweet/thread_context for conversation 1952066868711391517 (attempt 1/3)
2025-08-19 12:09:07 | INFO     | main.py:53            | ✅	Success: /twitter/tweet/thread_context for conversation 1952066868711391517 (attempt 1/3)
2025-08-19 12:09:09 | INFO     | main.py:53            | ✅	Success: /twitter/tweet/thread_context for conversation 1952066868203987041 (attempt 1/3)
2025-08-19 12:09:10 | INFO     | main.py:53            | ✅	Success: /twitter/tweet/thread_context for conversation 1952066868203987041 (attempt 1/3)
2025-08-19 12:09:12 | INFO     | main.py:53            | ✅	Success: /twitter/tweet/thread_context for conversation 1952066868128481622 (attempt 1/3)
2025-08-19 12:09:12 | INFO     | main.py:53            | ✅	Success: /twitter/tweet/thread_context for conversation 1952066868128481622 (attempt 1/3)
2025-08-19 12:09:14 | INFO     | main.py:53            | ✅	Success: /twitter/tweet/thread_context for conversation 1952066867788685545 (attempt 1/3)
2025-08-19 12:09:15 | INFO     | main.py:53            | ✅	Success: /twitter/tweet/thread_context for conversation 1952066866769449037 (attempt 1/3)
2025-08-19 12:09:17 | INFO     | main.py:53            | ✅	Success: /twitter/tweet/thread_context for conversation 1952066866769449037 (attempt 1/3)
2025-08-19 12:09:17 | INFO     | main.py:53            | ✅	Success: /twitter/tweet/thread_context for conversation 1952066864231969259 (attempt 1/3)
2025-08-19 12:09:18 | INFO     | main.py:53            | ✅	Success: /twitter/tweet/thread_context for conversation 1952066861858017590 (attempt 1/3)
2025-08-19 12:09:19 | INFO     | main.py:53            | ✅	Success: /twitter/tweet/thread_context for conversation 1952066861858017590 (attempt 1/3)
2025-08-19 12:09:20 | INFO     | main.py:53            | ✅	Success: /twitter/tweet/thread_context for conversation 1952066861153333347 (attempt 1/3)
2025-08-19 12:09:21 | INFO     | main.py:53            | ✅	Success: /twitter/tweet/thread_context for conversation 1952066861153333347 (attempt 1/3)
2025-08-19 12:09:23 | INFO     | main.py:53            | ✅	Success: /twitter/tweet/thread_context for conversation 1952066859555266755 (attempt 1/3)
2025-08-19 12:09:24 | INFO     | main.py:53            | ✅	Success: /twitter/tweet/thread_context for conversation 1952066859555266755 (attempt 1/3)
2025-08-19 12:09:25 | INFO     | main.py:53            | ✅	Success: /twitter/tweet/thread_context for conversation 1952066858246615273 (attempt 1/3)
2025-08-19 12:09:26 | INFO     | main.py:53            | ✅	Success: /twitter/tweet/thread_context for conversation 1952066857760153944 (attempt 1/3)
2025-08-19 12:09:27 | INFO     | main.py:53            | ✅	Success: /twitter/tweet/thread_context for conversation 1952066856405348559 (attempt 1/3)
2025-08-19 12:09:28 | INFO     | main.py:53            | ✅	Success: /twitter/tweet/thread_context for conversation 1952066856405348559 (attempt 1/3)
2025-08-19 12:09:29 | INFO     | main.py:61            | ✅	Success: /twitter/tweet/advanced_search (attempt 1/3)
2025-08-19 12:09:30 | INFO     | main.py:53            | ✅	Success: /twitter/tweet/thread_context for conversation 1952066855939780896 (attempt 1/3)
2025-08-19 12:09:31 | INFO     | main.py:53            | ✅	Success: /twitter/tweet/thread_context for conversation 1952066854677332022 (attempt 1/3)
2025-08-19 12:09:32 | INFO     | main.py:53            | ✅	Success: /twitter/tweet/thread_context for conversation 1952066854144692526 (attempt 1/3)
2025-08-19 12:09:34 | INFO     | main.py:53            | ✅	Success: /twitter/tweet/thread_context for conversation 1952066853611987169 (attempt 1/3)
2025-08-19 12:09:35 | INFO     | main.py:53            | ✅	Success: /twitter/tweet/thread_context for conversation 1952066853590949991 (attempt 1/3)
2025-08-19 12:09:36 | INFO     | main.py:53            | ✅	Success: /twitter/tweet/thread_context for conversation 1952066853590949991 (attempt 1/3)
2025-08-19 12:09:37 | INFO     | main.py:53            | ✅	Success: /twitter/tweet/thread_context for conversation 1952066851183440014 (attempt 1/3)
2025-08-19 12:09:39 | INFO     | main.py:53            | ✅	Success: /twitter/tweet/thread_context for conversation 1952066850378178601 (attempt 1/3)
2025-08-19 12:09:41 | INFO     | main.py:53            | ✅	Success: /twitter/tweet/thread_context for conversation 1952066850139123777 (attempt 1/3)
2025-08-19 12:09:42 | INFO     | main.py:53            | ✅	Success: /twitter/tweet/thread_context for conversation 1952066849694482716 (attempt 1/3)
2025-08-19 12:09:43 | INFO     | main.py:53            | ✅	Success: /twitter/tweet/thread_context for conversation 1952066848226500694 (attempt 1/3)
2025-08-19 12:09:46 | INFO     | main.py:53            | ✅	Success: /twitter/tweet/thread_context for conversation 1952066848226500694 (attempt 1/3)
2025-08-19 12:09:47 | INFO     | main.py:53            | ✅	Success: /twitter/tweet/thread_context for conversation 1952066848151032067 (attempt 1/3)
2025-08-19 12:09:48 | INFO     | main.py:53            | ✅	Success: /twitter/tweet/thread_context for conversation 1952066848071279022 (attempt 1/3)
2025-08-19 12:09:50 | INFO     | main.py:53            | ✅	Success: /twitter/tweet/thread_context for conversation 1952066848016773128 (attempt 1/3)
2025-08-19 12:09:51 | INFO     | main.py:53            | ✅	Success: /twitter/tweet/thread_context for conversation 1952066847781838927 (attempt 1/3)
2025-08-19 12:09:52 | INFO     | main.py:53            | ✅	Success: /twitter/tweet/thread_context for conversation 1952066847035330694 (attempt 1/3)
2025-08-19 12:09:53 | INFO     | main.py:53            | ✅	Success: /twitter/tweet/thread_context for conversation 1952066847035330694 (attempt 1/3)
2025-08-19 12:09:54 | INFO     | main.py:53            | ✅	Success: /twitter/tweet/thread_context for conversation 1952066846674542712 (attempt 1/3)
2025-08-19 12:09:55 | INFO     | main.py:53            | ✅	Success: /twitter/tweet/thread_context for conversation 1952066846594936894 (attempt 1/3)
2025-08-19 12:09:58 | INFO     | main.py:53            | ✅	Success: /twitter/tweet/thread_context for conversation 1952066846171308534 (attempt 1/3)
2025-08-19 12:09:59 | INFO     | main.py:53            | ✅	Success: /twitter/tweet/thread_context for conversation 1952066846171308534 (attempt 1/3)
2025-08-19 12:10:00 | INFO     | main.py:61            | ✅	Success: /twitter/tweet/advanced_search (attempt 1/3)
2025-08-19 12:10:01 | INFO     | main.py:53            | ✅	Success: /twitter/tweet/thread_context for conversation 1952066843822420214 (attempt 1/3)
2025-08-19 12:10:02 | INFO     | main.py:53            | ✅	Success: /twitter/tweet/thread_context for conversation 1952066843763679342 (attempt 1/3)
2025-08-19 12:10:03 | INFO     | main.py:53            | ✅	Success: /twitter/tweet/thread_context for conversation 1952066843684012443 (attempt 1/3)
2025-08-19 12:10:04 | INFO     | main.py:53            | ✅	Success: /twitter/tweet/thread_context for conversation 1952066843684012443 (attempt 1/3)
2025-08-19 12:10:05 | INFO     | main.py:53            | ✅	Success: /twitter/tweet/thread_context for conversation 1952066843193286781 (attempt 1/3)
2025-08-19 12:10:07 | INFO     | main.py:53            | ✅	Success: /twitter/tweet/thread_context for conversation 1952066842945830930 (attempt 1/3)
2025-08-19 12:10:08 | INFO     | main.py:53            | ✅	Success: /twitter/tweet/thread_context for conversation 1952066842945830930 (attempt 1/3)
2025-08-19 12:10:10 | INFO     | main.py:53            | ✅	Success: /twitter/tweet/thread_context for conversation 1952066842018881553 (attempt 1/3)
2025-08-19 12:10:11 | INFO     | main.py:53            | ✅	Success: /twitter/tweet/thread_context for conversation 1952066842018881553 (attempt 1/3)
2025-08-19 12:10:12 | INFO     | main.py:53            | ✅	Success: /twitter/tweet/thread_context for conversation 1952066841863721309 (attempt 1/3)
2025-08-19 12:10:13 | INFO     | main.py:53            | ✅	Success: /twitter/tweet/thread_context for conversation 1952066841658212367 (attempt 1/3)
2025-08-19 12:10:15 | INFO     | main.py:53            | ✅	Success: /twitter/tweet/thread_context for conversation 1952066841498784117 (attempt 1/3)
2025-08-19 12:10:16 | INFO     | main.py:53            | ✅	Success: /twitter/tweet/thread_context for conversation 1952066841498784117 (attempt 1/3)
2025-08-19 12:10:17 | INFO     | main.py:53            | ✅	Success: /twitter/tweet/thread_context for conversation 1952066840278241314 (attempt 1/3)
2025-08-19 12:10:18 | INFO     | main.py:53            | ✅	Success: /twitter/tweet/thread_context for conversation 1952066840223707481 (attempt 1/3)
2025-08-19 12:10:19 | INFO     | main.py:53            | ✅	Success: /twitter/tweet/thread_context for conversation 1952066840223707481 (attempt 1/3)
2025-08-19 12:10:21 | INFO     | main.py:53            | ✅	Success: /twitter/tweet/thread_context for conversation 1952066839988912128 (attempt 1/3)
2025-08-19 12:10:22 | INFO     | main.py:53            | ✅	Success: /twitter/tweet/thread_context for conversation 1952066839988912128 (attempt 1/3)
2025-08-19 12:10:22 | INFO     | main.py:286           | Streaming complete: 9 search page(s); ~1506 upsert attempts.
2025-08-19 12:10:22 | INFO     | format_objects.py:280 | Raw dump: 447 conversation(s) → ./grok_data/raw.json
2025-08-19 12:10:23 | INFO     | format_objects.py:442 | Transform complete: 447 conversation(s) → grok_data/data.json
2025-08-19 12:10:23 | INFO     | main.py:305           | Done! Run summary — elapsed=294.3s | conversations=150 | search_pages=9 | upserts≈1506 | api_success=724 / attempts=724
2025-08-19 12:10:23 | INFO     | cli.py:68             | ▶️	Block 2025-08-03 18:00:00 → 2025-08-04 00:00:00 | handle=grok | cap=150
2025-08-19 12:10:23 | INFO     | format_objects.py:29  | Built query:	from:grok filter:replies -filter:retweets -filter:quote -filter:self_threads since:2025-08-03_18:00:00_UTC until:2025-08-04_00:00:00_UTC
2025-08-19 12:10:24 | INFO     | main.py:61            | ✅	Success: /twitter/tweet/advanced_search (attempt 1/3)
2025-08-19 12:10:24 | INFO     | main.py:53            | ✅	Success: /twitter/tweet/thread_context for conversation 1952157532857995305 (attempt 1/3)
2025-08-19 12:10:25 | INFO     | main.py:53            | ✅	Success: /twitter/tweet/thread_context for conversation 1952157532857995305 (attempt 1/3)
2025-08-19 12:10:27 | INFO     | main.py:53            | ✅	Success: /twitter/tweet/thread_context for conversation 1952157532019200361 (attempt 1/3)
2025-08-19 12:10:28 | INFO     | main.py:53            | ✅	Success: /twitter/tweet/thread_context for conversation 1952157531654213834 (attempt 1/3)
2025-08-19 12:10:29 | INFO     | main.py:53            | ✅	Success: /twitter/tweet/thread_context for conversation 1952157531654213834 (attempt 1/3)
2025-08-19 12:10:30 | INFO     | main.py:53            | ✅	Success: /twitter/tweet/thread_context for conversation 1952157530928607733 (attempt 1/3)
2025-08-19 12:10:31 | INFO     | main.py:53            | ✅	Success: /twitter/tweet/thread_context for conversation 1952157530928607733 (attempt 1/3)
2025-08-19 12:10:34 | INFO     | main.py:53            | ✅	Success: /twitter/tweet/thread_context for conversation 1952157530702107088 (attempt 1/3)
2025-08-19 12:10:35 | INFO     | main.py:53            | ✅	Success: /twitter/tweet/thread_context for conversation 1952157530681159703 (attempt 1/3)
2025-08-19 12:10:37 | INFO     | main.py:53            | ✅	Success: /twitter/tweet/thread_context for conversation 1952157530517631001 (attempt 1/3)
2025-08-19 12:10:38 | INFO     | main.py:53            | ✅	Success: /twitter/tweet/thread_context for conversation 1952157529485828477 (attempt 1/3)
2025-08-19 12:10:39 | INFO     | main.py:53            | ✅	Success: /twitter/tweet/thread_context for conversation 1952157528122609941 (attempt 1/3)
2025-08-19 12:10:40 | INFO     | main.py:53            | ✅	Success: /twitter/tweet/thread_context for conversation 1952157528122609941 (attempt 1/3)
2025-08-19 12:10:40 | INFO     | main.py:53            | ✅	Success: /twitter/tweet/thread_context for conversation 1952157527610929351 (attempt 1/3)
2025-08-19 12:10:41 | INFO     | main.py:53            | ✅	Success: /twitter/tweet/thread_context for conversation 1952157527355138529 (attempt 1/3)
2025-08-19 12:10:43 | INFO     | main.py:53            | ✅	Success: /twitter/tweet/thread_context for conversation 1952157527355138529 (attempt 1/3)
2025-08-19 12:10:44 | INFO     | main.py:53            | ✅	Success: /twitter/tweet/thread_context for conversation 1952157526600077528 (attempt 1/3)
2025-08-19 12:10:46 | INFO     | main.py:53            | ✅	Success: /twitter/tweet/thread_context for conversation 1952157526600077528 (attempt 1/3)
2025-08-19 12:10:47 | INFO     | main.py:53            | ✅	Success: /twitter/tweet/thread_context for conversation 1952157526507827572 (attempt 1/3)
2025-08-19 12:10:47 | INFO     | main.py:53            | ✅	Success: /twitter/tweet/thread_context for conversation 1952157524192584028 (attempt 1/3)
2025-08-19 12:10:49 | INFO     | main.py:53            | ✅	Success: /twitter/tweet/thread_context for conversation 1952157522019992033 (attempt 1/3)
2025-08-19 12:10:50 | INFO     | main.py:53            | ✅	Success: /twitter/tweet/thread_context for conversation 1952157520816119892 (attempt 1/3)
2025-08-19 12:10:51 | INFO     | main.py:53            | ✅	Success: /twitter/tweet/thread_context for conversation 1952157519952089103 (attempt 1/3)
2025-08-19 12:10:52 | INFO     | main.py:61            | ✅	Success: /twitter/tweet/advanced_search (attempt 1/3)
2025-08-19 12:10:53 | INFO     | main.py:53            | ✅	Success: /twitter/tweet/thread_context for conversation 1952157518207254577 (attempt 1/3)
2025-08-19 12:10:55 | INFO     | main.py:53            | ✅	Success: /twitter/tweet/thread_context for conversation 1952157518207254577 (attempt 1/3)
2025-08-19 12:10:56 | INFO     | main.py:53            | ✅	Success: /twitter/tweet/thread_context for conversation 1952157515057361311 (attempt 1/3)
2025-08-19 12:10:57 | INFO     | main.py:53            | ✅	Success: /twitter/tweet/thread_context for conversation 1952157515057361311 (attempt 1/3)
2025-08-19 12:10:58 | INFO     | main.py:53            | ✅	Success: /twitter/tweet/thread_context for conversation 1952157514629624209 (attempt 1/3)
2025-08-19 12:10:59 | INFO     | main.py:53            | ✅	Success: /twitter/tweet/thread_context for conversation 1952157514629624209 (attempt 1/3)
2025-08-19 12:11:01 | INFO     | main.py:53            | ✅	Success: /twitter/tweet/thread_context for conversation 1952157513958527262 (attempt 1/3)
2025-08-19 12:11:01 | INFO     | main.py:53            | ✅	Success: /twitter/tweet/thread_context for conversation 1952157513958527262 (attempt 1/3)
2025-08-19 12:11:02 | INFO     | main.py:53            | ✅	Success: /twitter/tweet/thread_context for conversation 1952157513518117036 (attempt 1/3)
2025-08-19 12:11:04 | INFO     | main.py:53            | ✅	Success: /twitter/tweet/thread_context for conversation 1952157512800850217 (attempt 1/3)
2025-08-19 12:11:05 | INFO     | main.py:53            | ✅	Success: /twitter/tweet/thread_context for conversation 1952157512582811675 (attempt 1/3)
2025-08-19 12:11:06 | INFO     | main.py:53            | ✅	Success: /twitter/tweet/thread_context for conversation 1952157512582811675 (attempt 1/3)
2025-08-19 12:11:09 | INFO     | main.py:53            | ✅	Success: /twitter/tweet/thread_context for conversation 1952157512490520637 (attempt 1/3)
2025-08-19 12:11:10 | INFO     | main.py:53            | ✅	Success: /twitter/tweet/thread_context for conversation 1952157512490520637 (attempt 1/3)
2025-08-19 12:11:11 | INFO     | main.py:53            | ✅	Success: /twitter/tweet/thread_context for conversation 1952157511844524438 (attempt 1/3)
2025-08-19 12:11:12 | INFO     | main.py:53            | ✅	Success: /twitter/tweet/thread_context for conversation 1952157511844524438 (attempt 1/3)
2025-08-19 12:11:13 | INFO     | main.py:53            | ✅	Success: /twitter/tweet/thread_context for conversation 1952157510204629284 (attempt 1/3)
2025-08-19 12:11:14 | INFO     | main.py:53            | ✅	Success: /twitter/tweet/thread_context for conversation 1952157510204629284 (attempt 1/3)
2025-08-19 12:11:16 | INFO     | main.py:53            | ✅	Success: /twitter/tweet/thread_context for conversation 1952157508845568407 (attempt 1/3)
2025-08-19 12:11:16 | INFO     | main.py:53            | ✅	Success: /twitter/tweet/thread_context for conversation 1952157508845568407 (attempt 1/3)
2025-08-19 12:11:17 | INFO     | main.py:53            | ✅	Success: /twitter/tweet/thread_context for conversation 1952157508652662803 (attempt 1/3)
2025-08-19 12:11:18 | INFO     | main.py:53            | ✅	Success: /twitter/tweet/thread_context for conversation 1952157508652662803 (attempt 1/3)
2025-08-19 12:11:19 | INFO     | main.py:53            | ✅	Success: /twitter/tweet/thread_context for conversation 1952157508052885655 (attempt 1/3)
2025-08-19 12:11:20 | INFO     | main.py:53            | ✅	Success: /twitter/tweet/thread_context for conversation 1952157507478302988 (attempt 1/3)
2025-08-19 12:11:21 | INFO     | main.py:53            | ✅	Success: /twitter/tweet/thread_context for conversation 1952157507478302988 (attempt 1/3)
2025-08-19 12:11:22 | INFO     | main.py:53            | ✅	Success: /twitter/tweet/thread_context for conversation 1952157506673029600 (attempt 1/3)
2025-08-19 12:11:23 | INFO     | main.py:53            | ✅	Success: /twitter/tweet/thread_context for conversation 1952157504005447843 (attempt 1/3)
2025-08-19 12:11:24 | INFO     | main.py:53            | ✅	Success: /twitter/tweet/thread_context for conversation 1952157502554218731 (attempt 1/3)
2025-08-19 12:11:25 | INFO     | main.py:53            | ✅	Success: /twitter/tweet/thread_context for conversation 1952157502554218731 (attempt 1/3)
2025-08-19 12:11:26 | INFO     | main.py:53            | ✅	Success: /twitter/tweet/thread_context for conversation 1952157502260617668 (attempt 1/3)
2025-08-19 12:11:28 | INFO     | main.py:53            | ✅	Success: /twitter/tweet/thread_context for conversation 1952157502206075047 (attempt 1/3)
2025-08-19 12:11:29 | INFO     | main.py:61            | ✅	Success: /twitter/tweet/advanced_search (attempt 1/3)
2025-08-19 12:11:30 | INFO     | main.py:53            | ✅	Success: /twitter/tweet/thread_context for conversation 1952157501186822368 (attempt 1/3)
2025-08-19 12:11:32 | INFO     | main.py:53            | ✅	Success: /twitter/tweet/thread_context for conversation 1952157499597185091 (attempt 1/3)
2025-08-19 12:11:33 | INFO     | main.py:53            | ✅	Success: /twitter/tweet/thread_context for conversation 1952157499471401312 (attempt 1/3)
2025-08-19 12:11:34 | INFO     | main.py:53            | ✅	Success: /twitter/tweet/thread_context for conversation 1952157499471401312 (attempt 1/3)
2025-08-19 12:11:36 | INFO     | main.py:53            | ✅	Success: /twitter/tweet/thread_context for conversation 1952157498238189753 (attempt 1/3)
2025-08-19 12:11:37 | INFO     | main.py:53            | ✅	Success: /twitter/tweet/thread_context for conversation 1952157498238189753 (attempt 1/3)
2025-08-19 12:11:39 | INFO     | main.py:53            | ✅	Success: /twitter/tweet/thread_context for conversation 1952157497827160427 (attempt 1/3)
2025-08-19 12:11:40 | INFO     | main.py:53            | ✅	Success: /twitter/tweet/thread_context for conversation 1952157497827160427 (attempt 1/3)
2025-08-19 12:11:41 | INFO     | main.py:53            | ✅	Success: /twitter/tweet/thread_context for conversation 1952157496635990167 (attempt 1/3)
2025-08-19 12:11:42 | INFO     | main.py:53            | ✅	Success: /twitter/tweet/thread_context for conversation 1952157496635990167 (attempt 1/3)
2025-08-19 12:11:43 | INFO     | main.py:53            | ✅	Success: /twitter/tweet/thread_context for conversation 1952157495847424449 (attempt 1/3)
2025-08-19 12:11:45 | INFO     | main.py:53            | ✅	Success: /twitter/tweet/thread_context for conversation 1952157495847424449 (attempt 1/3)
2025-08-19 12:11:46 | INFO     | main.py:53            | ✅	Success: /twitter/tweet/thread_context for conversation 1952157494148747574 (attempt 1/3)
2025-08-19 12:11:47 | INFO     | main.py:53            | ✅	Success: /twitter/tweet/thread_context for conversation 1952157492768805284 (attempt 1/3)
2025-08-19 12:11:50 | INFO     | main.py:53            | ✅	Success: /twitter/tweet/thread_context for conversation 1952157492605247909 (attempt 1/3)
2025-08-19 12:11:51 | INFO     | main.py:53            | ✅	Success: /twitter/tweet/thread_context for conversation 1952157492605247909 (attempt 1/3)
2025-08-19 12:11:52 | INFO     | main.py:53            | ✅	Success: /twitter/tweet/thread_context for conversation 1952157491628056582 (attempt 1/3)
2025-08-19 12:11:54 | INFO     | main.py:53            | ✅	Success: /twitter/tweet/thread_context for conversation 1952157489711231372 (attempt 1/3)
2025-08-19 12:11:55 | INFO     | main.py:53            | ✅	Success: /twitter/tweet/thread_context for conversation 1952157489711231372 (attempt 1/3)
2025-08-19 12:11:56 | INFO     | main.py:53            | ✅	Success: /twitter/tweet/thread_context for conversation 1952157488406761946 (attempt 1/3)
2025-08-19 12:11:57 | INFO     | main.py:53            | ✅	Success: /twitter/tweet/thread_context for conversation 1952157488406761946 (attempt 1/3)
2025-08-19 12:11:59 | INFO     | main.py:53            | ✅	Success: /twitter/tweet/thread_context for conversation 1952157488146735567 (attempt 1/3)
2025-08-19 12:12:00 | INFO     | main.py:53            | ✅	Success: /twitter/tweet/thread_context for conversation 1952157488146735567 (attempt 1/3)
2025-08-19 12:12:01 | INFO     | main.py:53            | ✅	Success: /twitter/tweet/thread_context for conversation 1952157487815438427 (attempt 1/3)
2025-08-19 12:12:02 | INFO     | main.py:53            | ✅	Success: /twitter/tweet/thread_context for conversation 1952157487815438427 (attempt 1/3)
2025-08-19 12:12:03 | INFO     | main.py:53            | ✅	Success: /twitter/tweet/thread_context for conversation 1952157486343192758 (attempt 1/3)
2025-08-19 12:12:04 | INFO     | main.py:53            | ✅	Success: /twitter/tweet/thread_context for conversation 1952157483365200261 (attempt 1/3)
2025-08-19 12:12:06 | INFO     | main.py:53            | ✅	Success: /twitter/tweet/thread_context for conversation 1952157482828378444 (attempt 1/3)
2025-08-19 12:12:07 | INFO     | main.py:53            | ✅	Success: /twitter/tweet/thread_context for conversation 1952157482828378444 (attempt 1/3)
2025-08-19 12:12:08 | INFO     | main.py:53            | ✅	Success: /twitter/tweet/thread_context for conversation 1952157482417291271 (attempt 1/3)
2025-08-19 12:12:10 | INFO     | main.py:53            | ✅	Success: /twitter/tweet/thread_context for conversation 1952157482417291271 (attempt 1/3)
2025-08-19 12:12:11 | INFO     | main.py:61            | ✅	Success: /twitter/tweet/advanced_search (attempt 1/3)
2025-08-19 12:12:13 | INFO     | main.py:53            | ✅	Success: /twitter/tweet/thread_context for conversation 1952157479787540649 (attempt 1/3)
2025-08-19 12:12:14 | INFO     | main.py:53            | ✅	Success: /twitter/tweet/thread_context for conversation 1952157479787540649 (attempt 1/3)
2025-08-19 12:12:15 | INFO     | main.py:53            | ✅	Success: /twitter/tweet/thread_context for conversation 1952157479712010707 (attempt 1/3)
2025-08-19 12:12:16 | INFO     | main.py:53            | ✅	Success: /twitter/tweet/thread_context for conversation 1952157479712010707 (attempt 1/3)
2025-08-19 12:12:17 | INFO     | main.py:53            | ✅	Success: /twitter/tweet/thread_context for conversation 1952157478684328038 (attempt 1/3)
2025-08-19 12:12:18 | INFO     | main.py:53            | ✅	Success: /twitter/tweet/thread_context for conversation 1952157478684328038 (attempt 1/3)
2025-08-19 12:12:19 | INFO     | main.py:53            | ✅	Success: /twitter/tweet/thread_context for conversation 1952157478051008829 (attempt 1/3)
2025-08-19 12:12:20 | INFO     | main.py:53            | ✅	Success: /twitter/tweet/thread_context for conversation 1952157476847308986 (attempt 1/3)
2025-08-19 12:12:21 | INFO     | main.py:53            | ✅	Success: /twitter/tweet/thread_context for conversation 1952157474720796898 (attempt 1/3)
2025-08-19 12:12:23 | INFO     | main.py:53            | ✅	Success: /twitter/tweet/thread_context for conversation 1952157473986744811 (attempt 1/3)
2025-08-19 12:12:24 | INFO     | main.py:53            | ✅	Success: /twitter/tweet/thread_context for conversation 1952157472262922667 (attempt 1/3)
2025-08-19 12:12:25 | INFO     | main.py:53            | ✅	Success: /twitter/tweet/thread_context for conversation 1952157472199950606 (attempt 1/3)
2025-08-19 12:12:26 | INFO     | main.py:53            | ✅	Success: /twitter/tweet/thread_context for conversation 1952157472199950606 (attempt 1/3)
2025-08-19 12:12:27 | INFO     | main.py:53            | ✅	Success: /twitter/tweet/thread_context for conversation 1952157471210078244 (attempt 1/3)
2025-08-19 12:12:28 | INFO     | main.py:53            | ✅	Success: /twitter/tweet/thread_context for conversation 1952157471210078244 (attempt 1/3)
2025-08-19 12:12:30 | INFO     | main.py:53            | ✅	Success: /twitter/tweet/thread_context for conversation 1952157470404846014 (attempt 1/3)
2025-08-19 12:12:31 | INFO     | main.py:53            | ✅	Success: /twitter/tweet/thread_context for conversation 1952157470404846014 (attempt 1/3)
2025-08-19 12:12:32 | INFO     | main.py:53            | ✅	Success: /twitter/tweet/thread_context for conversation 1952157470044143855 (attempt 1/3)
2025-08-19 12:12:34 | INFO     | main.py:53            | ✅	Success: /twitter/tweet/thread_context for conversation 1952157469897314474 (attempt 1/3)
2025-08-19 12:12:34 | INFO     | main.py:53            | ✅	Success: /twitter/tweet/thread_context for conversation 1952157469192671507 (attempt 1/3)
2025-08-19 12:12:36 | INFO     | main.py:53            | ✅	Success: /twitter/tweet/thread_context for conversation 1952157466818646394 (attempt 1/3)
2025-08-19 12:12:38 | INFO     | main.py:53            | ✅	Success: /twitter/tweet/thread_context for conversation 1952157466684539063 (attempt 1/3)
2025-08-19 12:12:38 | INFO     | main.py:53            | ✅	Success: /twitter/tweet/thread_context for conversation 1952157466512572782 (attempt 1/3)
2025-08-19 12:12:39 | INFO     | main.py:61            | ✅	Success: /twitter/tweet/advanced_search (attempt 1/3)
2025-08-19 12:12:41 | INFO     | main.py:53            | ✅	Success: /twitter/tweet/thread_context for conversation 1952157465447206936 (attempt 1/3)
2025-08-19 12:12:42 | INFO     | main.py:53            | ✅	Success: /twitter/tweet/thread_context for conversation 1952157465447206936 (attempt 1/3)
2025-08-19 12:12:43 | INFO     | main.py:53            | ✅	Success: /twitter/tweet/thread_context for conversation 1952157464075669685 (attempt 1/3)
2025-08-19 12:12:44 | INFO     | main.py:53            | ✅	Success: /twitter/tweet/thread_context for conversation 1952157463320617299 (attempt 1/3)
2025-08-19 12:12:45 | INFO     | main.py:53            | ✅	Success: /twitter/tweet/thread_context for conversation 1952157463089987816 (attempt 1/3)
2025-08-19 12:12:46 | INFO     | main.py:53            | ✅	Success: /twitter/tweet/thread_context for conversation 1952157463089987816 (attempt 1/3)
2025-08-19 12:12:47 | INFO     | main.py:53            | ✅	Success: /twitter/tweet/thread_context for conversation 1952157461710098580 (attempt 1/3)
2025-08-19 12:12:49 | INFO     | main.py:53            | ✅	Success: /twitter/tweet/thread_context for conversation 1952157461710098580 (attempt 1/3)
2025-08-19 12:12:50 | INFO     | main.py:53            | ✅	Success: /twitter/tweet/thread_context for conversation 1952157460749582429 (attempt 1/3)
2025-08-19 12:12:51 | INFO     | main.py:53            | ✅	Success: /twitter/tweet/thread_context for conversation 1952157460749582429 (attempt 1/3)
2025-08-19 12:12:53 | INFO     | main.py:53            | ✅	Success: /twitter/tweet/thread_context for conversation 1952157460355285471 (attempt 1/3)
2025-08-19 12:12:54 | INFO     | main.py:53            | ✅	Success: /twitter/tweet/thread_context for conversation 1952157459206062530 (attempt 1/3)
2025-08-19 12:12:55 | INFO     | main.py:53            | ✅	Success: /twitter/tweet/thread_context for conversation 1952157459206062530 (attempt 1/3)
2025-08-19 12:12:56 | INFO     | main.py:53            | ✅	Success: /twitter/tweet/thread_context for conversation 1952157458853749239 (attempt 1/3)
2025-08-19 12:12:57 | INFO     | main.py:53            | ✅	Success: /twitter/tweet/thread_context for conversation 1952157458191057378 (attempt 1/3)
2025-08-19 12:12:58 | INFO     | main.py:53            | ✅	Success: /twitter/tweet/thread_context for conversation 1952157457477964024 (attempt 1/3)
2025-08-19 12:12:59 | INFO     | main.py:53            | ✅	Success: /twitter/tweet/thread_context for conversation 1952157457477964024 (attempt 1/3)
2025-08-19 12:12:59 | INFO     | main.py:53            | ✅	Success: /twitter/tweet/thread_context for conversation 1952157455255044362 (attempt 1/3)
2025-08-19 12:13:01 | INFO     | main.py:53            | ✅	Success: /twitter/tweet/thread_context for conversation 1952157455108206802 (attempt 1/3)
2025-08-19 12:13:03 | INFO     | main.py:53            | ✅	Success: /twitter/tweet/thread_context for conversation 1952157454596526589 (attempt 1/3)
2025-08-19 12:13:04 | INFO     | main.py:53            | ✅	Success: /twitter/tweet/thread_context for conversation 1952157453640163356 (attempt 1/3)
2025-08-19 12:13:05 | INFO     | main.py:53            | ✅	Success: /twitter/tweet/thread_context for conversation 1952157452012757307 (attempt 1/3)
2025-08-19 12:13:05 | INFO     | main.py:53            | ✅	Success: /twitter/tweet/thread_context for conversation 1952157452012757307 (attempt 1/3)
2025-08-19 12:13:07 | INFO     | main.py:61            | ✅	Success: /twitter/tweet/advanced_search (attempt 1/3)
2025-08-19 12:13:08 | INFO     | main.py:53            | ✅	Success: /twitter/tweet/thread_context for conversation 1952157449764651278 (attempt 1/3)
2025-08-19 12:13:10 | INFO     | main.py:53            | ✅	Success: /twitter/tweet/thread_context for conversation 1952157448695083411 (attempt 1/3)
2025-08-19 12:13:11 | INFO     | main.py:53            | ✅	Success: /twitter/tweet/thread_context for conversation 1952157448695083411 (attempt 1/3)
2025-08-19 12:13:12 | INFO     | main.py:53            | ✅	Success: /twitter/tweet/thread_context for conversation 1952157448384770308 (attempt 1/3)
2025-08-19 12:13:13 | INFO     | main.py:53            | ✅	Success: /twitter/tweet/thread_context for conversation 1952157448384770308 (attempt 1/3)
2025-08-19 12:13:15 | INFO     | main.py:53            | ✅	Success: /twitter/tweet/thread_context for conversation 1952157448141451602 (attempt 1/3)
2025-08-19 12:13:15 | INFO     | main.py:53            | ✅	Success: /twitter/tweet/thread_context for conversation 1952157448141451602 (attempt 1/3)
2025-08-19 12:13:17 | INFO     | main.py:53            | ✅	Success: /twitter/tweet/thread_context for conversation 1952157445176111417 (attempt 1/3)
2025-08-19 12:13:18 | INFO     | main.py:53            | ✅	Success: /twitter/tweet/thread_context for conversation 1952157444991525243 (attempt 1/3)
2025-08-19 12:13:19 | INFO     | main.py:53            | ✅	Success: /twitter/tweet/thread_context for conversation 1952157444991525243 (attempt 1/3)
2025-08-19 12:13:20 | INFO     | main.py:53            | ✅	Success: /twitter/tweet/thread_context for conversation 1952157442596610509 (attempt 1/3)
2025-08-19 12:13:21 | INFO     | main.py:53            | ✅	Success: /twitter/tweet/thread_context for conversation 1952157441703195028 (attempt 1/3)
2025-08-19 12:13:22 | INFO     | main.py:53            | ✅	Success: /twitter/tweet/thread_context for conversation 1952157441703195028 (attempt 1/3)
2025-08-19 12:13:24 | INFO     | main.py:53            | ✅	Success: /twitter/tweet/thread_context for conversation 1952157441061433574 (attempt 1/3)
2025-08-19 12:13:25 | INFO     | main.py:53            | ✅	Success: /twitter/tweet/thread_context for conversation 1952157440935702692 (attempt 1/3)
2025-08-19 12:13:26 | INFO     | main.py:53            | ✅	Success: /twitter/tweet/thread_context for conversation 1952157438356177101 (attempt 1/3)
2025-08-19 12:13:27 | INFO     | main.py:53            | ✅	Success: /twitter/tweet/thread_context for conversation 1952157438356177101 (attempt 1/3)
2025-08-19 12:13:28 | INFO     | main.py:53            | ✅	Success: /twitter/tweet/thread_context for conversation 1952157438238675055 (attempt 1/3)
2025-08-19 12:13:29 | INFO     | main.py:53            | ✅	Success: /twitter/tweet/thread_context for conversation 1952157437987016734 (attempt 1/3)
2025-08-19 12:13:30 | INFO     | main.py:53            | ✅	Success: /twitter/tweet/thread_context for conversation 1952157437987016734 (attempt 1/3)
2025-08-19 12:13:31 | INFO     | main.py:53            | ✅	Success: /twitter/tweet/thread_context for conversation 1952157437395702183 (attempt 1/3)
2025-08-19 12:13:32 | INFO     | main.py:53            | ✅	Success: /twitter/tweet/thread_context for conversation 1952157435822764304 (attempt 1/3)
2025-08-19 12:13:33 | INFO     | main.py:53            | ✅	Success: /twitter/tweet/thread_context for conversation 1952157435046846962 (attempt 1/3)
2025-08-19 12:13:35 | INFO     | main.py:53            | ✅	Success: /twitter/tweet/thread_context for conversation 1952157434598011147 (attempt 1/3)
2025-08-19 12:13:36 | INFO     | main.py:53            | ✅	Success: /twitter/tweet/thread_context for conversation 1952157433234944404 (attempt 1/3)
2025-08-19 12:13:36 | INFO     | main.py:53            | ✅	Success: /twitter/tweet/thread_context for conversation 1952157433234944404 (attempt 1/3)
2025-08-19 12:13:37 | INFO     | main.py:61            | ✅	Success: /twitter/tweet/advanced_search (attempt 1/3)
2025-08-19 12:13:38 | INFO     | main.py:53            | ✅	Success: /twitter/tweet/thread_context for conversation 1952157431448187303 (attempt 1/3)
2025-08-19 12:13:39 | INFO     | main.py:53            | ✅	Success: /twitter/tweet/thread_context for conversation 1952157430533804231 (attempt 1/3)
2025-08-19 12:13:40 | INFO     | main.py:53            | ✅	Success: /twitter/tweet/thread_context for conversation 1952157429988516306 (attempt 1/3)
2025-08-19 12:13:41 | INFO     | main.py:53            | ✅	Success: /twitter/tweet/thread_context for conversation 1952157429988516306 (attempt 1/3)
2025-08-19 12:13:42 | INFO     | main.py:53            | ✅	Success: /twitter/tweet/thread_context for conversation 1952157429954961555 (attempt 1/3)
2025-08-19 12:13:43 | INFO     | main.py:53            | ✅	Success: /twitter/tweet/thread_context for conversation 1952157429954961555 (attempt 1/3)
2025-08-19 12:13:44 | INFO     | main.py:53            | ✅	Success: /twitter/tweet/thread_context for conversation 1952157428709200179 (attempt 1/3)
2025-08-19 12:13:46 | INFO     | main.py:53            | ✅	Success: /twitter/tweet/thread_context for conversation 1952157428612829228 (attempt 1/3)
2025-08-19 12:13:47 | INFO     | main.py:53            | ✅	Success: /twitter/tweet/thread_context for conversation 1952157428612829228 (attempt 1/3)
2025-08-19 12:13:48 | INFO     | main.py:53            | ✅	Success: /twitter/tweet/thread_context for conversation 1952157428180812095 (attempt 1/3)
2025-08-19 12:13:49 | INFO     | main.py:53            | ✅	Success: /twitter/tweet/thread_context for conversation 1952157427400626547 (attempt 1/3)
2025-08-19 12:13:51 | INFO     | main.py:53            | ✅	Success: /twitter/tweet/thread_context for conversation 1952157426188427325 (attempt 1/3)
2025-08-19 12:13:52 | INFO     | main.py:53            | ✅	Success: /twitter/tweet/thread_context for conversation 1952157425638993996 (attempt 1/3)
2025-08-19 12:13:53 | INFO     | main.py:53            | ✅	Success: /twitter/tweet/thread_context for conversation 1952157425458622633 (attempt 1/3)
2025-08-19 12:13:54 | INFO     | main.py:53            | ✅	Success: /twitter/tweet/thread_context for conversation 1952157424863023465 (attempt 1/3)
2025-08-19 12:13:55 | INFO     | main.py:53            | ✅	Success: /twitter/tweet/thread_context for conversation 1952157424523366502 (attempt 1/3)
2025-08-19 12:13:56 | INFO     | main.py:53            | ✅	Success: /twitter/tweet/thread_context for conversation 1952157424523366502 (attempt 1/3)
2025-08-19 12:13:58 | INFO     | main.py:53            | ✅	Success: /twitter/tweet/thread_context for conversation 1952157421792891333 (attempt 1/3)
2025-08-19 12:13:59 | INFO     | main.py:53            | ✅	Success: /twitter/tweet/thread_context for conversation 1952157421792891333 (attempt 1/3)
2025-08-19 12:14:00 | INFO     | main.py:53            | ✅	Success: /twitter/tweet/thread_context for conversation 1952157419725025508 (attempt 1/3)
2025-08-19 12:14:01 | INFO     | main.py:53            | ✅	Success: /twitter/tweet/thread_context for conversation 1952157419725025508 (attempt 1/3)
2025-08-19 12:14:03 | INFO     | main.py:53            | ✅	Success: /twitter/tweet/thread_context for conversation 1952157416218640570 (attempt 1/3)
2025-08-19 12:14:04 | INFO     | main.py:53            | ✅	Success: /twitter/tweet/thread_context for conversation 1952157416919097626 (attempt 1/3)
2025-08-19 12:14:05 | INFO     | main.py:53            | ✅	Success: /twitter/tweet/thread_context for conversation 1952157416696803397 (attempt 1/3)
2025-08-19 12:14:06 | INFO     | main.py:61            | ✅	Success: /twitter/tweet/advanced_search (attempt 1/3)
2025-08-19 12:14:07 | INFO     | main.py:53            | ✅	Success: /twitter/tweet/thread_context for conversation 1952157414364794957 (attempt 1/3)
2025-08-19 12:14:09 | INFO     | main.py:53            | ✅	Success: /twitter/tweet/thread_context for conversation 1952157414079533197 (attempt 1/3)
2025-08-19 12:14:10 | INFO     | main.py:53            | ✅	Success: /twitter/tweet/thread_context for conversation 1952157414079533197 (attempt 1/3)
2025-08-19 12:14:12 | INFO     | main.py:53            | ✅	Success: /twitter/tweet/thread_context for conversation 1952157413907558884 (attempt 1/3)
2025-08-19 12:14:13 | INFO     | main.py:53            | ✅	Success: /twitter/tweet/thread_context for conversation 1952157413806944339 (attempt 1/3)
2025-08-19 12:14:15 | INFO     | main.py:53            | ✅	Success: /twitter/tweet/thread_context for conversation 1952157413374914756 (attempt 1/3)
2025-08-19 12:14:16 | INFO     | main.py:53            | ✅	Success: /twitter/tweet/thread_context for conversation 1952157412921864502 (attempt 1/3)
2025-08-19 12:14:17 | INFO     | main.py:53            | ✅	Success: /twitter/tweet/thread_context for conversation 1952157412162752962 (attempt 1/3)
2025-08-19 12:14:19 | INFO     | main.py:53            | ✅	Success: /twitter/tweet/thread_context for conversation 1952157410837299307 (attempt 1/3)
2025-08-19 12:14:20 | INFO     | main.py:53            | ✅	Success: /twitter/tweet/thread_context for conversation 1952157410715660686 (attempt 1/3)
2025-08-19 12:14:22 | INFO     | main.py:53            | ✅	Success: /twitter/tweet/thread_context for conversation 1952157410715660686 (attempt 1/3)
2025-08-19 12:14:23 | INFO     | main.py:53            | ✅	Success: /twitter/tweet/thread_context for conversation 1952157409784545484 (attempt 1/3)
2025-08-19 12:14:23 | INFO     | main.py:53            | ✅	Success: /twitter/tweet/thread_context for conversation 1952157409578999957 (attempt 1/3)
2025-08-19 12:14:24 | INFO     | main.py:53            | ✅	Success: /twitter/tweet/thread_context for conversation 1952157409578999957 (attempt 1/3)
2025-08-19 12:14:26 | INFO     | main.py:53            | ✅	Success: /twitter/tweet/thread_context for conversation 1952157408337461258 (attempt 1/3)
2025-08-19 12:14:27 | INFO     | main.py:53            | ✅	Success: /twitter/tweet/thread_context for conversation 1952157406919790965 (attempt 1/3)
2025-08-19 12:14:29 | INFO     | main.py:53            | ✅	Success: /twitter/tweet/thread_context for conversation 1952157406693351927 (attempt 1/3)
2025-08-19 12:14:29 | INFO     | main.py:53            | ✅	Success: /twitter/tweet/thread_context for conversation 1952157406693351927 (attempt 1/3)
2025-08-19 12:14:30 | INFO     | main.py:53            | ✅	Success: /twitter/tweet/thread_context for conversation 1952157406592651481 (attempt 1/3)
2025-08-19 12:14:32 | INFO     | main.py:61            | ✅	Success: /twitter/tweet/advanced_search (attempt 1/3)
2025-08-19 12:14:33 | INFO     | main.py:53            | ✅	Success: /twitter/tweet/thread_context for conversation 1952157404264820991 (attempt 1/3)
2025-08-19 12:14:34 | INFO     | main.py:53            | ✅	Success: /twitter/tweet/thread_context for conversation 1952157404097044595 (attempt 1/3)
2025-08-19 12:14:35 | INFO     | main.py:53            | ✅	Success: /twitter/tweet/thread_context for conversation 1952157404097044595 (attempt 1/3)
2025-08-19 12:14:36 | INFO     | main.py:53            | ✅	Success: /twitter/tweet/thread_context for conversation 1952157403539259712 (attempt 1/3)
2025-08-19 12:14:37 | INFO     | main.py:53            | ✅	Success: /twitter/tweet/thread_context for conversation 1952157403539259712 (attempt 1/3)
2025-08-19 12:14:39 | INFO     | main.py:53            | ✅	Success: /twitter/tweet/thread_context for conversation 1952157403220410582 (attempt 1/3)
2025-08-19 12:14:40 | INFO     | main.py:53            | ✅	Success: /twitter/tweet/thread_context for conversation 1952157403220410582 (attempt 1/3)
2025-08-19 12:14:41 | INFO     | main.py:53            | ✅	Success: /twitter/tweet/thread_context for conversation 1952157401236599034 (attempt 1/3)
2025-08-19 12:14:42 | INFO     | main.py:53            | ✅	Success: /twitter/tweet/thread_context for conversation 1952157400674472272 (attempt 1/3)
2025-08-19 12:14:44 | INFO     | main.py:53            | ✅	Success: /twitter/tweet/thread_context for conversation 1952157400448053296 (attempt 1/3)
2025-08-19 12:14:45 | INFO     | main.py:53            | ✅	Success: /twitter/tweet/thread_context for conversation 1952157400448053296 (attempt 1/3)
2025-08-19 12:14:46 | INFO     | main.py:53            | ✅	Success: /twitter/tweet/thread_context for conversation 1952157400368296154 (attempt 1/3)
2025-08-19 12:14:47 | INFO     | main.py:53            | ✅	Success: /twitter/tweet/thread_context for conversation 1952157397344244204 (attempt 1/3)
2025-08-19 12:14:48 | INFO     | main.py:53            | ✅	Success: /twitter/tweet/thread_context for conversation 1952157395725299745 (attempt 1/3)
2025-08-19 12:14:50 | INFO     | main.py:53            | ✅	Success: /twitter/tweet/thread_context for conversation 1952157395284869219 (attempt 1/3)
2025-08-19 12:14:51 | INFO     | main.py:53            | ✅	Success: /twitter/tweet/thread_context for conversation 1952157395284869219 (attempt 1/3)
2025-08-19 12:14:52 | INFO     | main.py:53            | ✅	Success: /twitter/tweet/thread_context for conversation 1952157394244678030 (attempt 1/3)
2025-08-19 12:14:53 | INFO     | main.py:53            | ✅	Success: /twitter/tweet/thread_context for conversation 1952157393368101259 (attempt 1/3)
2025-08-19 12:14:54 | INFO     | main.py:53            | ✅	Success: /twitter/tweet/thread_context for conversation 1952157392793395514 (attempt 1/3)
2025-08-19 12:14:55 | INFO     | main.py:53            | ✅	Success: /twitter/tweet/thread_context for conversation 1952157391208030484 (attempt 1/3)
2025-08-19 12:14:56 | INFO     | main.py:53            | ✅	Success: /twitter/tweet/thread_context for conversation 1952157391057039855 (attempt 1/3)
2025-08-19 12:14:57 | INFO     | main.py:53            | ✅	Success: /twitter/tweet/thread_context for conversation 1952157391057039855 (attempt 1/3)
2025-08-19 12:14:58 | INFO     | main.py:53            | ✅	Success: /twitter/tweet/thread_context for conversation 1952157388896948412 (attempt 1/3)
2025-08-19 12:14:59 | INFO     | main.py:61            | ✅	Success: /twitter/tweet/advanced_search (attempt 1/3)
2025-08-19 12:15:00 | INFO     | main.py:53            | ✅	Success: /twitter/tweet/thread_context for conversation 1952157388653613333 (attempt 1/3)
2025-08-19 12:15:01 | INFO     | main.py:53            | ✅	Success: /twitter/tweet/thread_context for conversation 1952157388653613333 (attempt 1/3)
2025-08-19 12:15:02 | INFO     | main.py:53            | ✅	Success: /twitter/tweet/thread_context for conversation 1952157388108378507 (attempt 1/3)
2025-08-19 12:15:03 | INFO     | main.py:53            | ✅	Success: /twitter/tweet/thread_context for conversation 1952157387181441485 (attempt 1/3)
2025-08-19 12:15:04 | INFO     | main.py:53            | ✅	Success: /twitter/tweet/thread_context for conversation 1952157387181441485 (attempt 1/3)
2025-08-19 12:15:05 | INFO     | main.py:53            | ✅	Success: /twitter/tweet/thread_context for conversation 1952157386833379687 (attempt 1/3)
2025-08-19 12:15:06 | INFO     | main.py:53            | ✅	Success: /twitter/tweet/thread_context for conversation 1952157386833379687 (attempt 1/3)
2025-08-19 12:15:07 | INFO     | main.py:53            | ✅	Success: /twitter/tweet/thread_context for conversation 1952157386652991715 (attempt 1/3)
2025-08-19 12:15:07 | INFO     | main.py:286           | Streaming complete: 10 search page(s); ~1434 upsert attempts.
2025-08-19 12:15:08 | INFO     | format_objects.py:280 | Raw dump: 589 conversation(s) → ./grok_data/raw.json
2025-08-19 12:15:08 | INFO     | format_objects.py:442 | Transform complete: 589 conversation(s) → grok_data/data.json
2025-08-19 12:15:08 | INFO     | main.py:305           | Done! Run summary — elapsed=285.5s | conversations=150 | search_pages=10 | upserts≈1434 | api_success=965 / attempts=965
2025-08-19 12:15:08 | INFO     | cli.py:60             | 


2025-08-19 12:15:08 | INFO     | cli.py:61             | ⏱️	Scraping 8-2025 day 4/9
2025-08-19 12:15:08 | INFO     | cli.py:68             | ▶️	Block 2025-08-04 00:00:00 → 2025-08-04 06:00:00 | handle=grok | cap=150
2025-08-19 12:15:08 | INFO     | format_objects.py:29  | Built query:	from:grok filter:replies -filter:retweets -filter:quote -filter:self_threads since:2025-08-04_00:00:00_UTC until:2025-08-04_06:00:00_UTC
2025-08-19 12:15:10 | INFO     | main.py:61            | ✅	Success: /twitter/tweet/advanced_search (attempt 1/3)
2025-08-19 12:15:12 | INFO     | main.py:53            | ✅	Success: /twitter/tweet/thread_context for conversation 1952248129975427385 (attempt 1/3)
2025-08-19 12:15:13 | INFO     | main.py:53            | ✅	Success: /twitter/tweet/thread_context for conversation 1952248127400091782 (attempt 1/3)
2025-08-19 12:15:14 | INFO     | main.py:53            | ✅	Success: /twitter/tweet/thread_context for conversation 1952248127291039975 (attempt 1/3)
2025-08-19 12:15:16 | INFO     | main.py:53            | ✅	Success: /twitter/tweet/thread_context for conversation 1952248127102279709 (attempt 1/3)
2025-08-19 12:15:17 | INFO     | main.py:53            | ✅	Success: /twitter/tweet/thread_context for conversation 1952248127102279709 (attempt 1/3)
2025-08-19 12:15:19 | INFO     | main.py:53            | ✅	Success: /twitter/tweet/thread_context for conversation 1952248123621024177 (attempt 1/3)
2025-08-19 12:15:20 | INFO     | main.py:53            | ✅	Success: /twitter/tweet/thread_context for conversation 1952248122580832619 (attempt 1/3)
2025-08-19 12:15:22 | INFO     | main.py:53            | ✅	Success: /twitter/tweet/thread_context for conversation 1952248122190790982 (attempt 1/3)
2025-08-19 12:15:23 | INFO     | main.py:53            | ✅	Success: /twitter/tweet/thread_context for conversation 1952248122190790982 (attempt 1/3)
2025-08-19 12:15:25 | INFO     | main.py:53            | ✅	Success: /twitter/tweet/thread_context for conversation 1952248121792282775 (attempt 1/3)
2025-08-19 12:15:25 | INFO     | main.py:53            | ✅	Success: /twitter/tweet/thread_context for conversation 1952248121792282775 (attempt 1/3)
2025-08-19 12:15:26 | INFO     | main.py:53            | ✅	Success: /twitter/tweet/thread_context for conversation 1952248121435865229 (attempt 1/3)
2025-08-19 12:15:28 | INFO     | main.py:53            | ✅	Success: /twitter/tweet/thread_context for conversation 1952248120672457201 (attempt 1/3)
2025-08-19 12:15:29 | INFO     | main.py:53            | ✅	Success: /twitter/tweet/thread_context for conversation 1952248120307564589 (attempt 1/3)
2025-08-19 12:15:30 | INFO     | main.py:53            | ✅	Success: /twitter/tweet/thread_context for conversation 1952248120018112895 (attempt 1/3)
2025-08-19 12:15:31 | INFO     | main.py:53            | ✅	Success: /twitter/tweet/thread_context for conversation 1952248119569322233 (attempt 1/3)
2025-08-19 12:15:32 | INFO     | main.py:53            | ✅	Success: /twitter/tweet/thread_context for conversation 1952248119569322233 (attempt 1/3)
2025-08-19 12:15:34 | INFO     | main.py:53            | ✅	Success: /twitter/tweet/thread_context for conversation 1952248119309312040 (attempt 1/3)
2025-08-19 12:15:35 | INFO     | main.py:53            | ✅	Success: /twitter/tweet/thread_context for conversation 1952248119309312040 (attempt 1/3)
2025-08-19 12:15:36 | INFO     | main.py:53            | ✅	Success: /twitter/tweet/thread_context for conversation 1952248118248100275 (attempt 1/3)
2025-08-19 12:15:37 | INFO     | main.py:53            | ✅	Success: /twitter/tweet/thread_context for conversation 1952248117346394338 (attempt 1/3)
2025-08-19 12:15:38 | INFO     | main.py:53            | ✅	Success: /twitter/tweet/thread_context for conversation 1952248117346394338 (attempt 1/3)
2025-08-19 12:15:40 | INFO     | main.py:53            | ✅	Success: /twitter/tweet/thread_context for conversation 1952248116968837330 (attempt 1/3)
2025-08-19 12:15:41 | INFO     | main.py:61            | ✅	Success: /twitter/tweet/advanced_search (attempt 1/3)
2025-08-19 12:15:42 | INFO     | main.py:53            | ✅	Success: /twitter/tweet/thread_context for conversation 1952248115639271707 (attempt 1/3)
2025-08-19 12:15:43 | INFO     | main.py:53            | ✅	Success: /twitter/tweet/thread_context for conversation 1952248114007650587 (attempt 1/3)
2025-08-19 12:15:44 | INFO     | main.py:53            | ✅	Success: /twitter/tweet/thread_context for conversation 1952248113990946833 (attempt 1/3)
2025-08-19 12:15:45 | INFO     | main.py:53            | ✅	Success: /twitter/tweet/thread_context for conversation 1952248112489308438 (attempt 1/3)
2025-08-19 12:15:46 | INFO     | main.py:53            | ✅	Success: /twitter/tweet/thread_context for conversation 1952248112489308438 (attempt 1/3)
2025-08-19 12:15:48 | INFO     | main.py:53            | ✅	Success: /twitter/tweet/thread_context for conversation 1952248112304865591 (attempt 1/3)
2025-08-19 12:15:49 | INFO     | main.py:53            | ✅	Success: /twitter/tweet/thread_context for conversation 1952248112304865591 (attempt 1/3)
2025-08-19 12:15:50 | INFO     | main.py:53            | ✅	Success: /twitter/tweet/thread_context for conversation 1952248111558172906 (attempt 1/3)
2025-08-19 12:15:51 | INFO     | main.py:53            | ✅	Success: /twitter/tweet/thread_context for conversation 1952248111075852504 (attempt 1/3)
2025-08-19 12:15:53 | INFO     | main.py:53            | ✅	Success: /twitter/tweet/thread_context for conversation 1952248109213646931 (attempt 1/3)
2025-08-19 12:15:54 | INFO     | main.py:53            | ✅	Success: /twitter/tweet/thread_context for conversation 1952248107368054983 (attempt 1/3)
2025-08-19 12:15:55 | INFO     | main.py:53            | ✅	Success: /twitter/tweet/thread_context for conversation 1952248107095458161 (attempt 1/3)
2025-08-19 12:15:56 | INFO     | main.py:53            | ✅	Success: /twitter/tweet/thread_context for conversation 1952248107095458161 (attempt 1/3)
2025-08-19 12:15:56 | INFO     | main.py:53            | ✅	Success: /twitter/tweet/thread_context for conversation 1952248105942057424 (attempt 1/3)
2025-08-19 12:15:57 | INFO     | main.py:53            | ✅	Success: /twitter/tweet/thread_context for conversation 1952248105942057424 (attempt 1/3)
2025-08-19 12:15:58 | INFO     | main.py:53            | ✅	Success: /twitter/tweet/thread_context for conversation 1952248104130109726 (attempt 1/3)
2025-08-19 12:15:59 | INFO     | main.py:53            | ✅	Success: /twitter/tweet/thread_context for conversation 1952248103530319896 (attempt 1/3)
2025-08-19 12:16:00 | INFO     | main.py:53            | ✅	Success: /twitter/tweet/thread_context for conversation 1952248103228322041 (attempt 1/3)
2025-08-19 12:16:01 | INFO     | main.py:53            | ✅	Success: /twitter/tweet/thread_context for conversation 1952248103228322041 (attempt 1/3)
2025-08-19 12:16:03 | INFO     | main.py:53            | ✅	Success: /twitter/tweet/thread_context for conversation 1952248102972461058 (attempt 1/3)
2025-08-19 12:16:04 | INFO     | main.py:53            | ✅	Success: /twitter/tweet/thread_context for conversation 1952248102297149811 (attempt 1/3)
2025-08-19 12:16:04 | INFO     | main.py:53            | ✅	Success: /twitter/tweet/thread_context for conversation 1952248102297149811 (attempt 1/3)
2025-08-19 12:16:06 | INFO     | main.py:61            | ✅	Success: /twitter/tweet/advanced_search (attempt 1/3)
2025-08-19 12:16:07 | INFO     | main.py:53            | ✅	Success: /twitter/tweet/thread_context for conversation 1952248100938215781 (attempt 1/3)
2025-08-19 12:16:08 | INFO     | main.py:53            | ✅	Success: /twitter/tweet/thread_context for conversation 1952248100938215781 (attempt 1/3)
2025-08-19 12:16:09 | INFO     | main.py:53            | ✅	Success: /twitter/tweet/thread_context for conversation 1952248100640432338 (attempt 1/3)
2025-08-19 12:16:11 | INFO     | main.py:53            | ✅	Success: /twitter/tweet/thread_context for conversation 1952248097863766094 (attempt 1/3)
2025-08-19 12:16:12 | INFO     | main.py:53            | ✅	Success: /twitter/tweet/thread_context for conversation 1952248097536614481 (attempt 1/3)
2025-08-19 12:16:13 | INFO     | main.py:53            | ✅	Success: /twitter/tweet/thread_context for conversation 1952248097536614481 (attempt 1/3)
2025-08-19 12:16:14 | INFO     | main.py:53            | ✅	Success: /twitter/tweet/thread_context for conversation 1952248096269926451 (attempt 1/3)
2025-08-19 12:16:15 | INFO     | main.py:53            | ✅	Success: /twitter/tweet/thread_context for conversation 1952248096269926451 (attempt 1/3)
2025-08-19 12:16:16 | INFO     | main.py:53            | ✅	Success: /twitter/tweet/thread_context for conversation 1952248095661793296 (attempt 1/3)
2025-08-19 12:16:17 | INFO     | main.py:53            | ✅	Success: /twitter/tweet/thread_context for conversation 1952248095330459675 (attempt 1/3)
2025-08-19 12:16:19 | INFO     | main.py:53            | ✅	Success: /twitter/tweet/thread_context for conversation 1952248095166910891 (attempt 1/3)
2025-08-19 12:16:20 | INFO     | main.py:53            | ✅	Success: /twitter/tweet/thread_context for conversation 1952248095166910891 (attempt 1/3)
2025-08-19 12:16:21 | INFO     | main.py:53            | ✅	Success: /twitter/tweet/thread_context for conversation 1952248094512615737 (attempt 1/3)
2025-08-19 12:16:22 | INFO     | main.py:53            | ✅	Success: /twitter/tweet/thread_context for conversation 1952248093765939417 (attempt 1/3)
2025-08-19 12:16:24 | INFO     | main.py:53            | ✅	Success: /twitter/tweet/thread_context for conversation 1952248093535334849 (attempt 1/3)
2025-08-19 12:16:24 | INFO     | main.py:53            | ✅	Success: /twitter/tweet/thread_context for conversation 1952248092897804311 (attempt 1/3)
2025-08-19 12:16:26 | INFO     | main.py:53            | ✅	Success: /twitter/tweet/thread_context for conversation 1952248092629373066 (attempt 1/3)
2025-08-19 12:16:27 | INFO     | main.py:53            | ✅	Success: /twitter/tweet/thread_context for conversation 1952248092629373066 (attempt 1/3)
2025-08-19 12:16:29 | INFO     | main.py:53            | ✅	Success: /twitter/tweet/thread_context for conversation 1952248092511887458 (attempt 1/3)
2025-08-19 12:16:30 | INFO     | main.py:53            | ✅	Success: /twitter/tweet/thread_context for conversation 1952248092511887458 (attempt 1/3)
2025-08-19 12:16:31 | INFO     | main.py:53            | ✅	Success: /twitter/tweet/thread_context for conversation 1952248091421426137 (attempt 1/3)
2025-08-19 12:16:33 | INFO     | main.py:61            | ✅	Success: /twitter/tweet/advanced_search (attempt 1/3)
2025-08-19 12:16:34 | INFO     | main.py:53            | ✅	Success: /twitter/tweet/thread_context for conversation 1952248090888683779 (attempt 1/3)
2025-08-19 12:16:35 | INFO     | main.py:53            | ✅	Success: /twitter/tweet/thread_context for conversation 1952248090888683779 (attempt 1/3)
2025-08-19 12:16:37 | INFO     | main.py:53            | ✅	Success: /twitter/tweet/thread_context for conversation 1952248090259538058 (attempt 1/3)
2025-08-19 12:16:38 | INFO     | main.py:53            | ✅	Success: /twitter/tweet/thread_context for conversation 1952248088992825363 (attempt 1/3)
2025-08-19 12:16:40 | INFO     | main.py:53            | ✅	Success: /twitter/tweet/thread_context for conversation 1952248088497897676 (attempt 1/3)
2025-08-19 12:16:40 | INFO     | main.py:53            | ✅	Success: /twitter/tweet/thread_context for conversation 1952248088497897676 (attempt 1/3)
2025-08-19 12:16:42 | INFO     | main.py:53            | ✅	Success: /twitter/tweet/thread_context for conversation 1952248088430846341 (attempt 1/3)
2025-08-19 12:16:43 | INFO     | main.py:53            | ✅	Success: /twitter/tweet/thread_context for conversation 1952248088430846341 (attempt 1/3)
2025-08-19 12:16:44 | INFO     | main.py:53            | ✅	Success: /twitter/tweet/thread_context for conversation 1952248086631465112 (attempt 1/3)
2025-08-19 12:16:45 | INFO     | main.py:53            | ✅	Success: /twitter/tweet/thread_context for conversation 1952248086547628047 (attempt 1/3)
2025-08-19 12:16:47 | INFO     | main.py:53            | ✅	Success: /twitter/tweet/thread_context for conversation 1952248086547628047 (attempt 1/3)
2025-08-19 12:16:48 | INFO     | main.py:53            | ✅	Success: /twitter/tweet/thread_context for conversation 1952248086094577678 (attempt 1/3)
2025-08-19 12:16:49 | INFO     | main.py:53            | ✅	Success: /twitter/tweet/thread_context for conversation 1952248082852409759 (attempt 1/3)
2025-08-19 12:16:50 | INFO     | main.py:53            | ✅	Success: /twitter/tweet/thread_context for conversation 1952248082474897856 (attempt 1/3)
2025-08-19 12:16:52 | INFO     | main.py:53            | ✅	Success: /twitter/tweet/thread_context for conversation 1952248081107615914 (attempt 1/3)
2025-08-19 12:16:53 | INFO     | main.py:53            | ✅	Success: /twitter/tweet/thread_context for conversation 1952248081107615914 (attempt 1/3)
2025-08-19 12:16:54 | INFO     | main.py:53            | ✅	Success: /twitter/tweet/thread_context for conversation 1952248080214221001 (attempt 1/3)
2025-08-19 12:16:56 | INFO     | main.py:53            | ✅	Success: /twitter/tweet/thread_context for conversation 1952248080159650144 (attempt 1/3)
2025-08-19 12:16:57 | INFO     | main.py:53            | ✅	Success: /twitter/tweet/thread_context for conversation 1952248080000340009 (attempt 1/3)
2025-08-19 12:16:58 | INFO     | main.py:53            | ✅	Success: /twitter/tweet/thread_context for conversation 1952248080000340009 (attempt 1/3)
2025-08-19 12:16:58 | INFO     | main.py:53            | ✅	Success: /twitter/tweet/thread_context for conversation 1952248080000229542 (attempt 1/3)
2025-08-19 12:17:00 | INFO     | main.py:53            | ✅	Success: /twitter/tweet/thread_context for conversation 1952248079937319347 (attempt 1/3)
2025-08-19 12:17:01 | INFO     | main.py:53            | ✅	Success: /twitter/tweet/thread_context for conversation 1952248077248807066 (attempt 1/3)
2025-08-19 12:17:03 | INFO     | main.py:53            | ✅	Success: /twitter/tweet/thread_context for conversation 1952248075512353232 (attempt 1/3)
2025-08-19 12:17:04 | INFO     | main.py:53            | ✅	Success: /twitter/tweet/thread_context for conversation 1952248075512353232 (attempt 1/3)
2025-08-19 12:17:05 | INFO     | main.py:61            | ✅	Success: /twitter/tweet/advanced_search (attempt 1/3)
2025-08-19 12:17:06 | INFO     | main.py:53            | ✅	Success: /twitter/tweet/thread_context for conversation 1952248075449507876 (attempt 1/3)
2025-08-19 12:17:07 | INFO     | main.py:53            | ✅	Success: /twitter/tweet/thread_context for conversation 1952248075449507876 (attempt 1/3)
2025-08-19 12:17:09 | INFO     | main.py:53            | ✅	Success: /twitter/tweet/thread_context for conversation 1952248075050942470 (attempt 1/3)
2025-08-19 12:17:10 | INFO     | main.py:53            | ✅	Success: /twitter/tweet/thread_context for conversation 1952248072794444244 (attempt 1/3)
2025-08-19 12:17:11 | INFO     | main.py:53            | ✅	Success: /twitter/tweet/thread_context for conversation 1952248072794444244 (attempt 1/3)
2025-08-19 12:17:12 | INFO     | main.py:53            | ✅	Success: /twitter/tweet/thread_context for conversation 1952248072517623819 (attempt 1/3)
2025-08-19 12:17:14 | INFO     | main.py:53            | ✅	Success: /twitter/tweet/thread_context for conversation 1952248072240758825 (attempt 1/3)
2025-08-19 12:17:15 | INFO     | main.py:53            | ✅	Success: /twitter/tweet/thread_context for conversation 1952248072240758825 (attempt 1/3)
2025-08-19 12:17:17 | INFO     | main.py:53            | ✅	Success: /twitter/tweet/thread_context for conversation 1952248072198816163 (attempt 1/3)
2025-08-19 12:17:18 | INFO     | main.py:53            | ✅	Success: /twitter/tweet/thread_context for conversation 1952248072198816163 (attempt 1/3)
2025-08-19 12:17:20 | INFO     | main.py:53            | ✅	Success: /twitter/tweet/thread_context for conversation 1952248071510995025 (attempt 1/3)
2025-08-19 12:17:20 | INFO     | main.py:53            | ✅	Success: /twitter/tweet/thread_context for conversation 1952248071510995025 (attempt 1/3)
2025-08-19 12:17:21 | INFO     | main.py:53            | ✅	Success: /twitter/tweet/thread_context for conversation 1952248070839927125 (attempt 1/3)
2025-08-19 12:17:23 | INFO     | main.py:53            | ✅	Success: /twitter/tweet/thread_context for conversation 1952248070168801335 (attempt 1/3)
2025-08-19 12:17:24 | INFO     | main.py:53            | ✅	Success: /twitter/tweet/thread_context for conversation 1952248070118515083 (attempt 1/3)
2025-08-19 12:17:24 | INFO     | main.py:53            | ✅	Success: /twitter/tweet/thread_context for conversation 1952248070068203775 (attempt 1/3)
2025-08-19 12:17:26 | INFO     | main.py:53            | ✅	Success: /twitter/tweet/thread_context for conversation 1952248063596368154 (attempt 1/3)
2025-08-19 12:17:27 | INFO     | main.py:53            | ✅	Success: /twitter/tweet/thread_context for conversation 1952248063596368154 (attempt 1/3)
2025-08-19 12:17:28 | INFO     | main.py:53            | ✅	Success: /twitter/tweet/thread_context for conversation 1952248062740684895 (attempt 1/3)
2025-08-19 12:17:29 | INFO     | main.py:53            | ✅	Success: /twitter/tweet/thread_context for conversation 1952248062740684895 (attempt 1/3)
2025-08-19 12:17:30 | INFO     | main.py:53            | ✅	Success: /twitter/tweet/thread_context for conversation 1952248061650178242 (attempt 1/3)
2025-08-19 12:17:31 | INFO     | main.py:53            | ✅	Success: /twitter/tweet/thread_context for conversation 1952248059586621891 (attempt 1/3)
2025-08-19 12:17:33 | INFO     | main.py:53            | ✅	Success: /twitter/tweet/thread_context for conversation 1952248058105958790 (attempt 1/3)
2025-08-19 12:17:34 | INFO     | main.py:53            | ✅	Success: /twitter/tweet/thread_context for conversation 1952248057221058598 (attempt 1/3)
2025-08-19 12:17:36 | INFO     | main.py:61            | ✅	Success: /twitter/tweet/advanced_search (attempt 1/3)
2025-08-19 12:17:36 | INFO     | main.py:53            | ✅	Success: /twitter/tweet/thread_context for conversation 1952248055912390847 (attempt 1/3)
2025-08-19 12:17:37 | INFO     | main.py:53            | ✅	Success: /twitter/tweet/thread_context for conversation 1952248054679269432 (attempt 1/3)
2025-08-19 12:17:39 | INFO     | main.py:53            | ✅	Success: /twitter/tweet/thread_context for conversation 1952248053869732276 (attempt 1/3)
2025-08-19 12:17:40 | INFO     | main.py:53            | ✅	Success: /twitter/tweet/thread_context for conversation 1952248052867289306 (attempt 1/3)
2025-08-19 12:17:42 | INFO     | main.py:53            | ✅	Success: /twitter/tweet/thread_context for conversation 1952248052192075981 (attempt 1/3)
2025-08-19 12:17:42 | INFO     | main.py:53            | ✅	Success: /twitter/tweet/thread_context for conversation 1952248052116529289 (attempt 1/3)
2025-08-19 12:17:43 | INFO     | main.py:53            | ✅	Success: /twitter/tweet/thread_context for conversation 1952248047917994005 (attempt 1/3)
2025-08-19 12:17:45 | INFO     | main.py:53            | ✅	Success: /twitter/tweet/thread_context for conversation 1952248043375661123 (attempt 1/3)
2025-08-19 12:17:46 | INFO     | main.py:53            | ✅	Success: /twitter/tweet/thread_context for conversation 1952248043375661123 (attempt 1/3)
2025-08-19 12:17:48 | INFO     | main.py:53            | ✅	Success: /twitter/tweet/thread_context for conversation 1952248041412690203 (attempt 1/3)
2025-08-19 12:17:49 | INFO     | main.py:53            | ✅	Success: /twitter/tweet/thread_context for conversation 1952248041412690203 (attempt 1/3)
2025-08-19 12:17:50 | INFO     | main.py:53            | ✅	Success: /twitter/tweet/thread_context for conversation 1952248040980721824 (attempt 1/3)
2025-08-19 12:17:53 | INFO     | main.py:53            | ✅	Success: /twitter/tweet/thread_context for conversation 1952248040561250323 (attempt 1/3)
2025-08-19 12:17:53 | INFO     | main.py:53            | ✅	Success: /twitter/tweet/thread_context for conversation 1952248040561250323 (attempt 1/3)
2025-08-19 12:17:54 | INFO     | main.py:53            | ✅	Success: /twitter/tweet/thread_context for conversation 1952248040284356693 (attempt 1/3)
2025-08-19 12:17:55 | INFO     | main.py:53            | ✅	Success: /twitter/tweet/thread_context for conversation 1952248035674927263 (attempt 1/3)
2025-08-19 12:17:56 | INFO     | main.py:53            | ✅	Success: /twitter/tweet/thread_context for conversation 1952248035674927263 (attempt 1/3)
2025-08-19 12:17:57 | INFO     | main.py:53            | ✅	Success: /twitter/tweet/thread_context for conversation 1952248034282414410 (attempt 1/3)
2025-08-19 12:17:59 | INFO     | main.py:53            | ✅	Success: /twitter/tweet/thread_context for conversation 1952248033258975493 (attempt 1/3)
2025-08-19 12:18:01 | INFO     | main.py:61            | ✅	Success: /twitter/tweet/advanced_search (attempt 1/3)
2025-08-19 12:18:02 | INFO     | main.py:53            | ✅	Success: /twitter/tweet/thread_context for conversation 1952248032197832883 (attempt 1/3)
2025-08-19 12:18:03 | INFO     | main.py:53            | ✅	Success: /twitter/tweet/thread_context for conversation 1952248030616486045 (attempt 1/3)
2025-08-19 12:18:04 | INFO     | main.py:53            | ✅	Success: /twitter/tweet/thread_context for conversation 1952248029014360400 (attempt 1/3)
2025-08-19 12:18:05 | INFO     | main.py:53            | ✅	Success: /twitter/tweet/thread_context for conversation 1952248028359991573 (attempt 1/3)
2025-08-19 12:18:06 | INFO     | main.py:53            | ✅	Success: /twitter/tweet/thread_context for conversation 1952248028359991573 (attempt 1/3)
2025-08-19 12:18:09 | INFO     | main.py:53            | ✅	Success: /twitter/tweet/thread_context for conversation 1952248028255158617 (attempt 1/3)
2025-08-19 12:18:10 | INFO     | main.py:53            | ✅	Success: /twitter/tweet/thread_context for conversation 1952248027365994766 (attempt 1/3)
2025-08-19 12:18:11 | INFO     | main.py:53            | ✅	Success: /twitter/tweet/thread_context for conversation 1952248027202322938 (attempt 1/3)
2025-08-19 12:18:12 | INFO     | main.py:53            | ✅	Success: /twitter/tweet/thread_context for conversation 1952248027202322938 (attempt 1/3)
2025-08-19 12:18:14 | INFO     | main.py:53            | ✅	Success: /twitter/tweet/thread_context for conversation 1952248025726005558 (attempt 1/3)
2025-08-19 12:18:15 | INFO     | main.py:53            | ✅	Success: /twitter/tweet/thread_context for conversation 1952248025726005558 (attempt 1/3)
2025-08-19 12:18:16 | INFO     | main.py:53            | ✅	Success: /twitter/tweet/thread_context for conversation 1952248024421535909 (attempt 1/3)
2025-08-19 12:18:17 | INFO     | main.py:53            | ✅	Success: /twitter/tweet/thread_context for conversation 1952248024329249160 (attempt 1/3)
2025-08-19 12:18:18 | INFO     | main.py:53            | ✅	Success: /twitter/tweet/thread_context for conversation 1952248024329249160 (attempt 1/3)
2025-08-19 12:18:19 | INFO     | main.py:53            | ✅	Success: /twitter/tweet/thread_context for conversation 1952248024295760210 (attempt 1/3)
2025-08-19 12:18:21 | INFO     | main.py:53            | ✅	Success: /twitter/tweet/thread_context for conversation 1952248024295760210 (attempt 1/3)
2025-08-19 12:18:22 | INFO     | main.py:53            | ✅	Success: /twitter/tweet/thread_context for conversation 1952248024148979951 (attempt 1/3)
2025-08-19 12:18:23 | INFO     | main.py:53            | ✅	Success: /twitter/tweet/thread_context for conversation 1952248024148979951 (attempt 1/3)
2025-08-19 12:18:24 | INFO     | main.py:53            | ✅	Success: /twitter/tweet/thread_context for conversation 1952248023809179937 (attempt 1/3)
2025-08-19 12:18:26 | INFO     | main.py:53            | ✅	Success: /twitter/tweet/thread_context for conversation 1952248021401706762 (attempt 1/3)
2025-08-19 12:18:28 | INFO     | main.py:53            | ✅	Success: /twitter/tweet/thread_context for conversation 1952248021401706762 (attempt 1/3)
2025-08-19 12:18:29 | INFO     | main.py:53            | ✅	Success: /twitter/tweet/thread_context for conversation 1952248020730609863 (attempt 1/3)
2025-08-19 12:18:30 | INFO     | main.py:53            | ✅	Success: /twitter/tweet/thread_context for conversation 1952248020730609863 (attempt 1/3)
2025-08-19 12:18:31 | INFO     | main.py:53            | ✅	Success: /twitter/tweet/thread_context for conversation 1952248018847363450 (attempt 1/3)
2025-08-19 12:18:33 | INFO     | main.py:53            | ✅	Success: /twitter/tweet/thread_context for conversation 1952248018847363450 (attempt 1/3)
2025-08-19 12:18:34 | INFO     | main.py:53            | ✅	Success: /twitter/tweet/thread_context for conversation 1952248018297905632 (attempt 1/3)
2025-08-19 12:18:35 | INFO     | main.py:53            | ✅	Success: /twitter/tweet/thread_context for conversation 1952248018297905632 (attempt 1/3)
2025-08-19 12:18:36 | INFO     | main.py:61            | ✅	Success: /twitter/tweet/advanced_search (attempt 1/3)
2025-08-19 12:18:37 | INFO     | main.py:53            | ✅	Success: /twitter/tweet/thread_context for conversation 1952248018029449330 (attempt 1/3)
2025-08-19 12:18:38 | INFO     | main.py:53            | ✅	Success: /twitter/tweet/thread_context for conversation 1952248017005969464 (attempt 1/3)
2025-08-19 12:18:40 | INFO     | main.py:53            | ✅	Success: /twitter/tweet/thread_context for conversation 1952248015609331757 (attempt 1/3)
2025-08-19 12:18:41 | INFO     | main.py:53            | ✅	Success: /twitter/tweet/thread_context for conversation 1952248015106068682 (attempt 1/3)
2025-08-19 12:18:43 | INFO     | main.py:53            | ✅	Success: /twitter/tweet/thread_context for conversation 1952248014535540953 (attempt 1/3)
2025-08-19 12:18:44 | INFO     | main.py:53            | ✅	Success: /twitter/tweet/thread_context for conversation 1952248014401421521 (attempt 1/3)
2025-08-19 12:18:45 | INFO     | main.py:53            | ✅	Success: /twitter/tweet/thread_context for conversation 1952248014401421521 (attempt 1/3)
2025-08-19 12:18:46 | INFO     | main.py:53            | ✅	Success: /twitter/tweet/thread_context for conversation 1952248013965132016 (attempt 1/3)
2025-08-19 12:18:47 | INFO     | main.py:53            | ✅	Success: /twitter/tweet/thread_context for conversation 1952248013935771692 (attempt 1/3)
2025-08-19 12:18:49 | INFO     | main.py:53            | ✅	Success: /twitter/tweet/thread_context for conversation 1952248013935771692 (attempt 1/3)
2025-08-19 12:18:50 | INFO     | main.py:53            | ✅	Success: /twitter/tweet/thread_context for conversation 1952248013570871591 (attempt 1/3)
2025-08-19 12:18:52 | INFO     | main.py:53            | ✅	Success: /twitter/tweet/thread_context for conversation 1952248013390565850 (attempt 1/3)
2025-08-19 12:18:53 | INFO     | main.py:53            | ✅	Success: /twitter/tweet/thread_context for conversation 1952248013390565850 (attempt 1/3)
2025-08-19 12:18:54 | INFO     | main.py:53            | ✅	Success: /twitter/tweet/thread_context for conversation 1952248009171087410 (attempt 1/3)
2025-08-19 12:18:55 | INFO     | main.py:53            | ✅	Success: /twitter/tweet/thread_context for conversation 1952248009171087410 (attempt 1/3)
2025-08-19 12:18:56 | INFO     | main.py:53            | ✅	Success: /twitter/tweet/thread_context for conversation 1952248009078735051 (attempt 1/3)
2025-08-19 12:18:57 | INFO     | main.py:53            | ✅	Success: /twitter/tweet/thread_context for conversation 1952248009078735051 (attempt 1/3)
2025-08-19 12:18:58 | INFO     | main.py:53            | ✅	Success: /twitter/tweet/thread_context for conversation 1952248006453104647 (attempt 1/3)
2025-08-19 12:18:59 | INFO     | main.py:53            | ✅	Success: /twitter/tweet/thread_context for conversation 1952248006453104647 (attempt 1/3)
2025-08-19 12:19:01 | INFO     | main.py:53            | ✅	Success: /twitter/tweet/thread_context for conversation 1952248006289580227 (attempt 1/3)
2025-08-19 12:19:02 | INFO     | main.py:53            | ✅	Success: /twitter/tweet/thread_context for conversation 1952248003189956844 (attempt 1/3)
2025-08-19 12:19:03 | INFO     | main.py:53            | ✅	Success: /twitter/tweet/thread_context for conversation 1952248003189956844 (attempt 1/3)
2025-08-19 12:19:04 | INFO     | main.py:53            | ✅	Success: /twitter/tweet/thread_context for conversation 1952248002791502168 (attempt 1/3)
2025-08-19 12:19:06 | INFO     | main.py:53            | ✅	Success: /twitter/tweet/thread_context for conversation 1952248000602075280 (attempt 1/3)
2025-08-19 12:19:07 | INFO     | main.py:53            | ✅	Success: /twitter/tweet/thread_context for conversation 1952248000602075280 (attempt 1/3)
2025-08-19 12:19:08 | INFO     | main.py:53            | ✅	Success: /twitter/tweet/thread_context for conversation 1952247999901614120 (attempt 1/3)
2025-08-19 12:19:09 | INFO     | main.py:61            | ✅	Success: /twitter/tweet/advanced_search (attempt 1/3)
2025-08-19 12:19:11 | INFO     | main.py:53            | ✅	Success: /twitter/tweet/thread_context for conversation 1952247998437884188 (attempt 1/3)
2025-08-19 12:19:12 | INFO     | main.py:53            | ✅	Success: /twitter/tweet/thread_context for conversation 1952247995233415618 (attempt 1/3)
2025-08-19 12:19:13 | INFO     | main.py:53            | ✅	Success: /twitter/tweet/thread_context for conversation 1952247995233415618 (attempt 1/3)
2025-08-19 12:19:14 | INFO     | main.py:53            | ✅	Success: /twitter/tweet/thread_context for conversation 1952247995233394983 (attempt 1/3)
2025-08-19 12:19:16 | INFO     | main.py:53            | ✅	Success: /twitter/tweet/thread_context for conversation 1952247994172223765 (attempt 1/3)
2025-08-19 12:19:17 | INFO     | main.py:53            | ✅	Success: /twitter/tweet/thread_context for conversation 1952247994172223765 (attempt 1/3)
2025-08-19 12:19:19 | INFO     | main.py:53            | ✅	Success: /twitter/tweet/thread_context for conversation 1952247993199174059 (attempt 1/3)
2025-08-19 12:19:20 | INFO     | main.py:53            | ✅	Success: /twitter/tweet/thread_context for conversation 1952247993077489879 (attempt 1/3)
2025-08-19 12:19:21 | INFO     | main.py:53            | ✅	Success: /twitter/tweet/thread_context for conversation 1952247992528122123 (attempt 1/3)
2025-08-19 12:19:22 | INFO     | main.py:53            | ✅	Success: /twitter/tweet/thread_context for conversation 1952247992528122123 (attempt 1/3)
2025-08-19 12:19:24 | INFO     | main.py:53            | ✅	Success: /twitter/tweet/thread_context for conversation 1952247991898960242 (attempt 1/3)
2025-08-19 12:19:25 | INFO     | main.py:53            | ✅	Success: /twitter/tweet/thread_context for conversation 1952247991898960242 (attempt 1/3)
2025-08-19 12:19:26 | INFO     | main.py:53            | ✅	Success: /twitter/tweet/thread_context for conversation 1952247990368059561 (attempt 1/3)
2025-08-19 12:19:26 | INFO     | main.py:53            | ✅	Success: /twitter/tweet/thread_context for conversation 1952247990368059561 (attempt 1/3)
2025-08-19 12:19:27 | INFO     | main.py:53            | ✅	Success: /twitter/tweet/thread_context for conversation 1952247990279962770 (attempt 1/3)
2025-08-19 12:19:28 | INFO     | main.py:53            | ✅	Success: /twitter/tweet/thread_context for conversation 1952247989751455782 (attempt 1/3)
2025-08-19 12:19:30 | INFO     | main.py:53            | ✅	Success: /twitter/tweet/thread_context for conversation 1952247989491400958 (attempt 1/3)
2025-08-19 12:19:31 | INFO     | main.py:53            | ✅	Success: /twitter/tweet/thread_context for conversation 1952247986681172059 (attempt 1/3)
2025-08-19 12:19:32 | INFO     | main.py:53            | ✅	Success: /twitter/tweet/thread_context for conversation 1952247986073059550 (attempt 1/3)
2025-08-19 12:19:33 | INFO     | main.py:53            | ✅	Success: /twitter/tweet/thread_context for conversation 1952247986043720119 (attempt 1/3)
2025-08-19 12:19:34 | INFO     | main.py:53            | ✅	Success: /twitter/tweet/thread_context for conversation 1952247983678034102 (attempt 1/3)
2025-08-19 12:19:35 | INFO     | main.py:53            | ✅	Success: /twitter/tweet/thread_context for conversation 1952247980624654360 (attempt 1/3)
2025-08-19 12:19:35 | INFO     | main.py:286           | Streaming complete: 9 search page(s); ~1189 upsert attempts.
2025-08-19 12:19:36 | INFO     | format_objects.py:280 | Raw dump: 737 conversation(s) → ./grok_data/raw.json
2025-08-19 12:19:37 | INFO     | format_objects.py:442 | Transform complete: 737 conversation(s) → grok_data/data.json
2025-08-19 12:19:37 | INFO     | main.py:305           | Done! Run summary — elapsed=268.9s | conversations=150 | search_pages=9 | upserts≈1189 | api_success=1183 / attempts=1183
2025-08-19 12:19:37 | INFO     | cli.py:68             | ▶️	Block 2025-08-04 06:00:00 → 2025-08-04 12:00:00 | handle=grok | cap=150
2025-08-19 12:19:37 | INFO     | format_objects.py:29  | Built query:	from:grok filter:replies -filter:retweets -filter:quote -filter:self_threads since:2025-08-04_06:00:00_UTC until:2025-08-04_12:00:00_UTC
2025-08-19 12:19:38 | INFO     | main.py:61            | ✅	Success: /twitter/tweet/advanced_search (attempt 1/3)
2025-08-19 12:19:39 | INFO     | main.py:53            | ✅	Success: /twitter/tweet/thread_context for conversation 1952338727101161962 (attempt 1/3)
2025-08-19 12:19:40 | INFO     | main.py:53            | ✅	Success: /twitter/tweet/thread_context for conversation 1952338725368902023 (attempt 1/3)
2025-08-19 12:19:41 | INFO     | main.py:53            | ✅	Success: /twitter/tweet/thread_context for conversation 1952338724848869857 (attempt 1/3)
2025-08-19 12:19:43 | INFO     | main.py:53            | ✅	Success: /twitter/tweet/thread_context for conversation 1952338724014158166 (attempt 1/3)
2025-08-19 12:19:44 | INFO     | main.py:53            | ✅	Success: /twitter/tweet/thread_context for conversation 1952338724014158166 (attempt 1/3)
2025-08-19 12:19:45 | INFO     | main.py:53            | ✅	Success: /twitter/tweet/thread_context for conversation 1952338722772709698 (attempt 1/3)
2025-08-19 12:19:46 | INFO     | main.py:53            | ✅	Success: /twitter/tweet/thread_context for conversation 1952338722722374049 (attempt 1/3)
2025-08-19 12:19:47 | INFO     | main.py:53            | ✅	Success: /twitter/tweet/thread_context for conversation 1952338722105721011 (attempt 1/3)
2025-08-19 12:19:48 | INFO     | main.py:53            | ✅	Success: /twitter/tweet/thread_context for conversation 1952338722105721011 (attempt 1/3)
2025-08-19 12:19:49 | INFO     | main.py:53            | ✅	Success: /twitter/tweet/thread_context for conversation 1952338722072232446 (attempt 1/3)
2025-08-19 12:19:51 | INFO     | main.py:53            | ✅	Success: /twitter/tweet/thread_context for conversation 1952338719568281949 (attempt 1/3)
2025-08-19 12:19:52 | INFO     | main.py:53            | ✅	Success: /twitter/tweet/thread_context for conversation 1952338719568281949 (attempt 1/3)
2025-08-19 12:19:54 | INFO     | main.py:53            | ✅	Success: /twitter/tweet/thread_context for conversation 1952338719530508551 (attempt 1/3)
2025-08-19 12:19:55 | INFO     | main.py:53            | ✅	Success: /twitter/tweet/thread_context for conversation 1952338719530508551 (attempt 1/3)
2025-08-19 12:19:56 | INFO     | main.py:53            | ✅	Success: /twitter/tweet/thread_context for conversation 1952338718314172682 (attempt 1/3)
2025-08-19 12:19:57 | INFO     | main.py:53            | ✅	Success: /twitter/tweet/thread_context for conversation 1952338718221889769 (attempt 1/3)
2025-08-19 12:19:59 | INFO     | main.py:53            | ✅	Success: /twitter/tweet/thread_context for conversation 1952338718221889769 (attempt 1/3)
2025-08-19 12:20:00 | INFO     | main.py:53            | ✅	Success: /twitter/tweet/thread_context for conversation 1952338717013938330 (attempt 1/3)
2025-08-19 12:20:01 | INFO     | main.py:53            | ✅	Success: /twitter/tweet/thread_context for conversation 1952338717013938330 (attempt 1/3)
2025-08-19 12:20:02 | INFO     | main.py:53            | ✅	Success: /twitter/tweet/thread_context for conversation 1952338716590309652 (attempt 1/3)
2025-08-19 12:20:03 | INFO     | main.py:53            | ✅	Success: /twitter/tweet/thread_context for conversation 1952338714665074865 (attempt 1/3)
2025-08-19 12:20:04 | INFO     | main.py:53            | ✅	Success: /twitter/tweet/thread_context for conversation 1952338713973039163 (attempt 1/3)
2025-08-19 12:20:05 | INFO     | main.py:53            | ✅	Success: /twitter/tweet/thread_context for conversation 1952338713784295546 (attempt 1/3)
2025-08-19 12:20:06 | INFO     | main.py:61            | ✅	Success: /twitter/tweet/advanced_search (attempt 1/3)
2025-08-19 12:20:08 | INFO     | main.py:53            | ✅	Success: /twitter/tweet/thread_context for conversation 1952338713478070306 (attempt 1/3)
2025-08-19 12:20:09 | INFO     | main.py:53            | ✅	Success: /twitter/tweet/thread_context for conversation 1952338712924438561 (attempt 1/3)
2025-08-19 12:20:10 | INFO     | main.py:53            | ✅	Success: /twitter/tweet/thread_context for conversation 1952338711787814920 (attempt 1/3)
2025-08-19 12:20:11 | INFO     | main.py:53            | ✅	Success: /twitter/tweet/thread_context for conversation 1952338711787814920 (attempt 1/3)
2025-08-19 12:20:12 | INFO     | main.py:53            | ✅	Success: /twitter/tweet/thread_context for conversation 1952338710894383297 (attempt 1/3)
2025-08-19 12:20:13 | INFO     | main.py:53            | ✅	Success: /twitter/tweet/thread_context for conversation 1952338709338259514 (attempt 1/3)
2025-08-19 12:20:14 | INFO     | main.py:53            | ✅	Success: /twitter/tweet/thread_context for conversation 1952338708029677730 (attempt 1/3)
2025-08-19 12:20:15 | INFO     | main.py:53            | ✅	Success: /twitter/tweet/thread_context for conversation 1952338707606114343 (attempt 1/3)
2025-08-19 12:20:16 | INFO     | main.py:53            | ✅	Success: /twitter/tweet/thread_context for conversation 1952338704414228681 (attempt 1/3)
2025-08-19 12:20:17 | INFO     | main.py:53            | ✅	Success: /twitter/tweet/thread_context for conversation 1952338704414228681 (attempt 1/3)
2025-08-19 12:20:18 | INFO     | main.py:53            | ✅	Success: /twitter/tweet/thread_context for conversation 1952338703369838760 (attempt 1/3)
2025-08-19 12:20:19 | INFO     | main.py:53            | ✅	Success: /twitter/tweet/thread_context for conversation 1952338703369838760 (attempt 1/3)
2025-08-19 12:20:21 | INFO     | main.py:53            | ✅	Success: /twitter/tweet/thread_context for conversation 1952338702061248686 (attempt 1/3)
2025-08-19 12:20:22 | INFO     | main.py:53            | ✅	Success: /twitter/tweet/thread_context for conversation 1952338701071298658 (attempt 1/3)
2025-08-19 12:20:23 | INFO     | main.py:53            | ✅	Success: /twitter/tweet/thread_context for conversation 1952338701071298658 (attempt 1/3)
2025-08-19 12:20:24 | INFO     | main.py:53            | ✅	Success: /twitter/tweet/thread_context for conversation 1952338699259429111 (attempt 1/3)
2025-08-19 12:20:27 | INFO     | main.py:53            | ✅	Success: /twitter/tweet/thread_context for conversation 1952338699259429111 (attempt 1/3)
2025-08-19 12:20:28 | INFO     | main.py:53            | ✅	Success: /twitter/tweet/thread_context for conversation 1952338698932207805 (attempt 1/3)
2025-08-19 12:20:30 | INFO     | main.py:53            | ✅	Success: /twitter/tweet/thread_context for conversation 1952338698919612447 (attempt 1/3)
2025-08-19 12:20:31 | INFO     | main.py:53            | ✅	Success: /twitter/tweet/thread_context for conversation 1952338698919612447 (attempt 1/3)
2025-08-19 12:20:32 | INFO     | main.py:53            | ✅	Success: /twitter/tweet/thread_context for conversation 1952338698508595480 (attempt 1/3)
2025-08-19 12:20:33 | INFO     | main.py:53            | ✅	Success: /twitter/tweet/thread_context for conversation 1952338696826683517 (attempt 1/3)
2025-08-19 12:20:35 | INFO     | main.py:53            | ✅	Success: /twitter/tweet/thread_context for conversation 1952338695065113044 (attempt 1/3)
2025-08-19 12:20:36 | INFO     | main.py:53            | ✅	Success: /twitter/tweet/thread_context for conversation 1952338693492257270 (attempt 1/3)
2025-08-19 12:20:36 | INFO     | main.py:53            | ✅	Success: /twitter/tweet/thread_context for conversation 1952338693492257270 (attempt 1/3)
2025-08-19 12:20:37 | INFO     | main.py:53            | ✅	Success: /twitter/tweet/thread_context for conversation 1952338693139898708 (attempt 1/3)
2025-08-19 12:20:38 | INFO     | main.py:61            | ✅	Success: /twitter/tweet/advanced_search (attempt 1/3)
2025-08-19 12:20:39 | INFO     | main.py:53            | ✅	Success: /twitter/tweet/thread_context for conversation 1952338693068640571 (attempt 1/3)
2025-08-19 12:20:40 | INFO     | main.py:53            | ✅	Success: /twitter/tweet/thread_context for conversation 1952338693068640571 (attempt 1/3)
2025-08-19 12:20:41 | INFO     | main.py:53            | ✅	Success: /twitter/tweet/thread_context for conversation 1952338688400400533 (attempt 1/3)
2025-08-19 12:20:43 | INFO     | main.py:53            | ✅	Success: /twitter/tweet/thread_context for conversation 1952338688400400533 (attempt 1/3)
2025-08-19 12:20:43 | INFO     | main.py:53            | ✅	Success: /twitter/tweet/thread_context for conversation 1952338687636988054 (attempt 1/3)
2025-08-19 12:20:45 | INFO     | main.py:53            | ✅	Success: /twitter/tweet/thread_context for conversation 1952338683656601955 (attempt 1/3)
2025-08-19 12:20:46 | INFO     | main.py:53            | ✅	Success: /twitter/tweet/thread_context for conversation 1952338683165835288 (attempt 1/3)
2025-08-19 12:20:47 | INFO     | main.py:53            | ✅	Success: /twitter/tweet/thread_context for conversation 1952338681781801035 (attempt 1/3)
2025-08-19 12:20:49 | INFO     | main.py:53            | ✅	Success: /twitter/tweet/thread_context for conversation 1952338681555263864 (attempt 1/3)
2025-08-19 12:20:50 | INFO     | main.py:53            | ✅	Success: /twitter/tweet/thread_context for conversation 1952338681555263864 (attempt 1/3)
2025-08-19 12:20:51 | INFO     | main.py:53            | ✅	Success: /twitter/tweet/thread_context for conversation 1952338679097384991 (attempt 1/3)
2025-08-19 12:20:52 | INFO     | main.py:53            | ✅	Success: /twitter/tweet/thread_context for conversation 1952338678854115600 (attempt 1/3)
2025-08-19 12:20:53 | INFO     | main.py:53            | ✅	Success: /twitter/tweet/thread_context for conversation 1952338678837313666 (attempt 1/3)
2025-08-19 12:20:55 | INFO     | main.py:53            | ✅	Success: /twitter/tweet/thread_context for conversation 1952338678250135779 (attempt 1/3)
2025-08-19 12:20:55 | INFO     | main.py:53            | ✅	Success: /twitter/tweet/thread_context for conversation 1952338678250135779 (attempt 1/3)
2025-08-19 12:20:57 | INFO     | main.py:53            | ✅	Success: /twitter/tweet/thread_context for conversation 1952338677964968263 (attempt 1/3)
2025-08-19 12:20:58 | INFO     | main.py:53            | ✅	Success: /twitter/tweet/thread_context for conversation 1952338677776191995 (attempt 1/3)
2025-08-19 12:20:59 | INFO     | main.py:53            | ✅	Success: /twitter/tweet/thread_context for conversation 1952338677407076593 (attempt 1/3)
2025-08-19 12:21:00 | INFO     | main.py:53            | ✅	Success: /twitter/tweet/thread_context for conversation 1952338677407076593 (attempt 1/3)
2025-08-19 12:21:01 | INFO     | main.py:53            | ✅	Success: /twitter/tweet/thread_context for conversation 1952338674961863117 (attempt 1/3)
2025-08-19 12:21:02 | INFO     | main.py:53            | ✅	Success: /twitter/tweet/thread_context for conversation 1952338674961863117 (attempt 1/3)
2025-08-19 12:21:04 | INFO     | main.py:53            | ✅	Success: /twitter/tweet/thread_context for conversation 1952338674806661541 (attempt 1/3)
2025-08-19 12:21:05 | INFO     | main.py:53            | ✅	Success: /twitter/tweet/thread_context for conversation 1952338674806661541 (attempt 1/3)
2025-08-19 12:21:06 | INFO     | main.py:53            | ✅	Success: /twitter/tweet/thread_context for conversation 1952338674777215208 (attempt 1/3)
2025-08-19 12:21:07 | INFO     | main.py:61            | ✅	Success: /twitter/tweet/advanced_search (attempt 1/3)
2025-08-19 12:21:09 | INFO     | main.py:53            | ✅	Success: /twitter/tweet/thread_context for conversation 1952338674387235068 (attempt 1/3)
2025-08-19 12:21:10 | INFO     | main.py:53            | ✅	Success: /twitter/tweet/thread_context for conversation 1952338674387235068 (attempt 1/3)
2025-08-19 12:21:12 | INFO     | main.py:53            | ✅	Success: /twitter/tweet/thread_context for conversation 1952338673892204967 (attempt 1/3)
2025-08-19 12:21:13 | INFO     | main.py:53            | ✅	Success: /twitter/tweet/thread_context for conversation 1952338673766478169 (attempt 1/3)
2025-08-19 12:21:14 | INFO     | main.py:53            | ✅	Success: /twitter/tweet/thread_context for conversation 1952338673766478169 (attempt 1/3)
2025-08-19 12:21:16 | INFO     | main.py:53            | ✅	Success: /twitter/tweet/thread_context for conversation 1952338672956899381 (attempt 1/3)
2025-08-19 12:21:17 | INFO     | main.py:53            | ✅	Success: /twitter/tweet/thread_context for conversation 1952338672956899381 (attempt 1/3)
2025-08-19 12:21:18 | INFO     | main.py:53            | ✅	Success: /twitter/tweet/thread_context for conversation 1952338672948478346 (attempt 1/3)
2025-08-19 12:21:20 | INFO     | main.py:53            | ✅	Success: /twitter/tweet/thread_context for conversation 1952338670415184293 (attempt 1/3)
2025-08-19 12:21:21 | INFO     | main.py:53            | ✅	Success: /twitter/tweet/thread_context for conversation 1952338670415184293 (attempt 1/3)
2025-08-19 12:21:22 | INFO     | main.py:53            | ✅	Success: /twitter/tweet/thread_context for conversation 1952338668481589741 (attempt 1/3)
2025-08-19 12:21:23 | INFO     | main.py:53            | ✅	Success: /twitter/tweet/thread_context for conversation 1952338666711556326 (attempt 1/3)
2025-08-19 12:21:24 | INFO     | main.py:53            | ✅	Success: /twitter/tweet/thread_context for conversation 1952338666711556326 (attempt 1/3)
2025-08-19 12:21:25 | INFO     | main.py:53            | ✅	Success: /twitter/tweet/thread_context for conversation 1952338666208260292 (attempt 1/3)
2025-08-19 12:21:26 | INFO     | main.py:53            | ✅	Success: /twitter/tweet/thread_context for conversation 1952338664689992080 (attempt 1/3)
2025-08-19 12:21:27 | INFO     | main.py:53            | ✅	Success: /twitter/tweet/thread_context for conversation 1952338662441861164 (attempt 1/3)
2025-08-19 12:21:30 | INFO     | main.py:53            | ✅	Success: /twitter/tweet/thread_context for conversation 1952338661590323520 (attempt 1/3)
2025-08-19 12:21:31 | INFO     | main.py:53            | ✅	Success: /twitter/tweet/thread_context for conversation 1952338660382404681 (attempt 1/3)
2025-08-19 12:21:32 | INFO     | main.py:53            | ✅	Success: /twitter/tweet/thread_context for conversation 1952338660382404681 (attempt 1/3)
2025-08-19 12:21:32 | INFO     | main.py:53            | ✅	Success: /twitter/tweet/thread_context for conversation 1952338657572270160 (attempt 1/3)
2025-08-19 12:21:34 | INFO     | main.py:53            | ✅	Success: /twitter/tweet/thread_context for conversation 1952338656859181133 (attempt 1/3)
2025-08-19 12:21:35 | INFO     | main.py:53            | ✅	Success: /twitter/tweet/thread_context for conversation 1952338656859181133 (attempt 1/3)
2025-08-19 12:21:36 | INFO     | main.py:53            | ✅	Success: /twitter/tweet/thread_context for conversation 1952338656599175424 (attempt 1/3)
2025-08-19 12:21:37 | INFO     | main.py:53            | ✅	Success: /twitter/tweet/thread_context for conversation 1952338655978373254 (attempt 1/3)
2025-08-19 12:21:39 | INFO     | main.py:61            | ✅	Success: /twitter/tweet/advanced_search (attempt 1/3)
2025-08-19 12:21:40 | INFO     | main.py:53            | ✅	Success: /twitter/tweet/thread_context for conversation 1952338655525458184 (attempt 1/3)
2025-08-19 12:21:41 | INFO     | main.py:53            | ✅	Success: /twitter/tweet/thread_context for conversation 1952338655525458184 (attempt 1/3)
2025-08-19 12:21:42 | INFO     | main.py:53            | ✅	Success: /twitter/tweet/thread_context for conversation 1952338654204223790 (attempt 1/3)
2025-08-19 12:21:43 | INFO     | main.py:53            | ✅	Success: /twitter/tweet/thread_context for conversation 1952338653889663026 (attempt 1/3)
2025-08-19 12:21:44 | INFO     | main.py:53            | ✅	Success: /twitter/tweet/thread_context for conversation 1952338653889663026 (attempt 1/3)
2025-08-19 12:21:46 | INFO     | main.py:53            | ✅	Success: /twitter/tweet/thread_context for conversation 1952338653092659206 (attempt 1/3)
2025-08-19 12:21:47 | INFO     | main.py:53            | ✅	Success: /twitter/tweet/thread_context for conversation 1952338653092659206 (attempt 1/3)
2025-08-19 12:21:48 | INFO     | main.py:53            | ✅	Success: /twitter/tweet/thread_context for conversation 1952338652979408924 (attempt 1/3)
2025-08-19 12:21:49 | INFO     | main.py:53            | ✅	Success: /twitter/tweet/thread_context for conversation 1952338652425826813 (attempt 1/3)
2025-08-19 12:21:50 | INFO     | main.py:53            | ✅	Success: /twitter/tweet/thread_context for conversation 1952338651062702271 (attempt 1/3)
2025-08-19 12:21:51 | INFO     | main.py:53            | ✅	Success: /twitter/tweet/thread_context for conversation 1952338651062702271 (attempt 1/3)
2025-08-19 12:21:53 | INFO     | main.py:53            | ✅	Success: /twitter/tweet/thread_context for conversation 1952338650957836552 (attempt 1/3)
2025-08-19 12:21:55 | INFO     | main.py:53            | ✅	Success: /twitter/tweet/thread_context for conversation 1952338650278314342 (attempt 1/3)
2025-08-19 12:21:56 | INFO     | main.py:53            | ✅	Success: /twitter/tweet/thread_context for conversation 1952338650118934528 (attempt 1/3)
2025-08-19 12:21:57 | INFO     | main.py:53            | ✅	Success: /twitter/tweet/thread_context for conversation 1952338650118934528 (attempt 1/3)
2025-08-19 12:21:58 | INFO     | main.py:53            | ✅	Success: /twitter/tweet/thread_context for conversation 1952338649984671771 (attempt 1/3)
2025-08-19 12:21:59 | INFO     | main.py:53            | ✅	Success: /twitter/tweet/thread_context for conversation 1952338649338773724 (attempt 1/3)
2025-08-19 12:22:01 | INFO     | main.py:53            | ✅	Success: /twitter/tweet/thread_context for conversation 1952338648894153103 (attempt 1/3)
2025-08-19 12:22:02 | INFO     | main.py:53            | ✅	Success: /twitter/tweet/thread_context for conversation 1952338648894153103 (attempt 1/3)
2025-08-19 12:22:03 | INFO     | main.py:53            | ✅	Success: /twitter/tweet/thread_context for conversation 1952338648487346526 (attempt 1/3)
2025-08-19 12:22:04 | INFO     | main.py:53            | ✅	Success: /twitter/tweet/thread_context for conversation 1952338648189608243 (attempt 1/3)
2025-08-19 12:22:05 | INFO     | main.py:53            | ✅	Success: /twitter/tweet/thread_context for conversation 1952338648189608243 (attempt 1/3)
2025-08-19 12:22:07 | INFO     | main.py:53            | ✅	Success: /twitter/tweet/thread_context for conversation 1952338647791116379 (attempt 1/3)
2025-08-19 12:22:08 | INFO     | main.py:53            | ✅	Success: /twitter/tweet/thread_context for conversation 1952338646721531905 (attempt 1/3)
2025-08-19 12:22:09 | INFO     | main.py:53            | ✅	Success: /twitter/tweet/thread_context for conversation 1952338646721531905 (attempt 1/3)
2025-08-19 12:22:11 | INFO     | main.py:53            | ✅	Success: /twitter/tweet/thread_context for conversation 1952338646675443899 (attempt 1/3)
2025-08-19 12:22:11 | INFO     | main.py:53            | ✅	Success: /twitter/tweet/thread_context for conversation 1952338646675443899 (attempt 1/3)
2025-08-19 12:22:13 | INFO     | main.py:53            | ✅	Success: /twitter/tweet/thread_context for conversation 1952338644955730358 (attempt 1/3)
2025-08-19 12:22:14 | INFO     | main.py:61            | ✅	Success: /twitter/tweet/advanced_search (attempt 1/3)
2025-08-19 12:22:15 | INFO     | main.py:53            | ✅	Success: /twitter/tweet/thread_context for conversation 1952338644901212579 (attempt 1/3)
2025-08-19 12:22:16 | INFO     | main.py:53            | ✅	Success: /twitter/tweet/thread_context for conversation 1952338644901212579 (attempt 1/3)
2025-08-19 12:22:17 | INFO     | main.py:53            | ✅	Success: /twitter/tweet/thread_context for conversation 1952338644800569374 (attempt 1/3)
2025-08-19 12:22:19 | INFO     | main.py:53            | ✅	Success: /twitter/tweet/thread_context for conversation 1952338644800569374 (attempt 1/3)
2025-08-19 12:22:20 | INFO     | main.py:53            | ✅	Success: /twitter/tweet/thread_context for conversation 1952338643852664985 (attempt 1/3)
2025-08-19 12:22:21 | INFO     | main.py:53            | ✅	Success: /twitter/tweet/thread_context for conversation 1952338643852664985 (attempt 1/3)
2025-08-19 12:22:22 | INFO     | main.py:53            | ✅	Success: /twitter/tweet/thread_context for conversation 1952338643160645804 (attempt 1/3)
2025-08-19 12:22:23 | INFO     | main.py:53            | ✅	Success: /twitter/tweet/thread_context for conversation 1952338642753724910 (attempt 1/3)
2025-08-19 12:22:25 | INFO     | main.py:53            | ✅	Success: /twitter/tweet/thread_context for conversation 1952338642535633338 (attempt 1/3)
2025-08-19 12:22:26 | INFO     | main.py:53            | ✅	Success: /twitter/tweet/thread_context for conversation 1952338642535633338 (attempt 1/3)
2025-08-19 12:22:27 | INFO     | main.py:53            | ✅	Success: /twitter/tweet/thread_context for conversation 1952338641713512690 (attempt 1/3)
2025-08-19 12:22:28 | INFO     | main.py:53            | ✅	Success: /twitter/tweet/thread_context for conversation 1952338640790852081 (attempt 1/3)
2025-08-19 12:22:29 | INFO     | main.py:53            | ✅	Success: /twitter/tweet/thread_context for conversation 1952338640182681968 (attempt 1/3)
2025-08-19 12:22:31 | INFO     | main.py:53            | ✅	Success: /twitter/tweet/thread_context for conversation 1952338640136442280 (attempt 1/3)
2025-08-19 12:22:32 | INFO     | main.py:53            | ✅	Success: /twitter/tweet/thread_context for conversation 1952338639712813373 (attempt 1/3)
2025-08-19 12:22:33 | INFO     | main.py:53            | ✅	Success: /twitter/tweet/thread_context for conversation 1952338638085492766 (attempt 1/3)
2025-08-19 12:22:34 | INFO     | main.py:53            | ✅	Success: /twitter/tweet/thread_context for conversation 1952338637259227385 (attempt 1/3)
2025-08-19 12:22:35 | INFO     | main.py:53            | ✅	Success: /twitter/tweet/thread_context for conversation 1952338636474913072 (attempt 1/3)
2025-08-19 12:22:36 | INFO     | main.py:53            | ✅	Success: /twitter/tweet/thread_context for conversation 1952338636277735933 (attempt 1/3)
2025-08-19 12:22:38 | INFO     | main.py:53            | ✅	Success: /twitter/tweet/thread_context for conversation 1952338636277735933 (attempt 1/3)
2025-08-19 12:22:39 | INFO     | main.py:53            | ✅	Success: /twitter/tweet/thread_context for conversation 1952338635803762887 (attempt 1/3)
2025-08-19 12:22:41 | INFO     | main.py:53            | ✅	Success: /twitter/tweet/thread_context for conversation 1952338635606655202 (attempt 1/3)
2025-08-19 12:22:41 | INFO     | main.py:53            | ✅	Success: /twitter/tweet/thread_context for conversation 1952338634092478524 (attempt 1/3)
2025-08-19 12:22:42 | INFO     | main.py:53            | ✅	Success: /twitter/tweet/thread_context for conversation 1952338633887035822 (attempt 1/3)
2025-08-19 12:22:44 | INFO     | main.py:61            | ✅	Success: /twitter/tweet/advanced_search (attempt 1/3)
2025-08-19 12:22:45 | INFO     | main.py:53            | ✅	Success: /twitter/tweet/thread_context for conversation 1952338632456786244 (attempt 1/3)
2025-08-19 12:22:46 | INFO     | main.py:53            | ✅	Success: /twitter/tweet/thread_context for conversation 1952338631835918365 (attempt 1/3)
2025-08-19 12:22:47 | INFO     | main.py:53            | ✅	Success: /twitter/tweet/thread_context for conversation 1952338630607003779 (attempt 1/3)
2025-08-19 12:22:48 | INFO     | main.py:53            | ✅	Success: /twitter/tweet/thread_context for conversation 1952338628795154817 (attempt 1/3)
2025-08-19 12:22:49 | INFO     | main.py:53            | ✅	Success: /twitter/tweet/thread_context for conversation 1952338628795154817 (attempt 1/3)
2025-08-19 12:22:50 | INFO     | main.py:53            | ✅	Success: /twitter/tweet/thread_context for conversation 1952338628480553461 (attempt 1/3)
2025-08-19 12:22:51 | INFO     | main.py:53            | ✅	Success: /twitter/tweet/thread_context for conversation 1952338627507425313 (attempt 1/3)
2025-08-19 12:22:52 | INFO     | main.py:53            | ✅	Success: /twitter/tweet/thread_context for conversation 1952338627419328683 (attempt 1/3)
2025-08-19 12:22:54 | INFO     | main.py:53            | ✅	Success: /twitter/tweet/thread_context for conversation 1952338627239035337 (attempt 1/3)
2025-08-19 12:22:55 | INFO     | main.py:53            | ✅	Success: /twitter/tweet/thread_context for conversation 1952338627239035337 (attempt 1/3)
2025-08-19 12:22:56 | INFO     | main.py:53            | ✅	Success: /twitter/tweet/thread_context for conversation 1952338625905271183 (attempt 1/3)
2025-08-19 12:22:57 | INFO     | main.py:53            | ✅	Success: /twitter/tweet/thread_context for conversation 1952338625905271183 (attempt 1/3)
2025-08-19 12:22:58 | INFO     | main.py:53            | ✅	Success: /twitter/tweet/thread_context for conversation 1952338625590612357 (attempt 1/3)
2025-08-19 12:22:59 | INFO     | main.py:53            | ✅	Success: /twitter/tweet/thread_context for conversation 1952338625406083318 (attempt 1/3)
2025-08-19 12:23:01 | INFO     | main.py:53            | ✅	Success: /twitter/tweet/thread_context for conversation 1952338625317994724 (attempt 1/3)
2025-08-19 12:23:02 | INFO     | main.py:53            | ✅	Success: /twitter/tweet/thread_context for conversation 1952338625204826518 (attempt 1/3)
2025-08-19 12:23:03 | INFO     | main.py:53            | ✅	Success: /twitter/tweet/thread_context for conversation 1952338625204826518 (attempt 1/3)
2025-08-19 12:23:05 | INFO     | main.py:53            | ✅	Success: /twitter/tweet/thread_context for conversation 1952338625129329041 (attempt 1/3)
2025-08-19 12:23:06 | INFO     | main.py:53            | ✅	Success: /twitter/tweet/thread_context for conversation 1952338623900320021 (attempt 1/3)
2025-08-19 12:23:07 | INFO     | main.py:53            | ✅	Success: /twitter/tweet/thread_context for conversation 1952338623900320021 (attempt 1/3)
2025-08-19 12:23:09 | INFO     | main.py:53            | ✅	Success: /twitter/tweet/thread_context for conversation 1952338623275381085 (attempt 1/3)
2025-08-19 12:23:10 | INFO     | main.py:53            | ✅	Success: /twitter/tweet/thread_context for conversation 1952338621757006162 (attempt 1/3)
2025-08-19 12:23:11 | INFO     | main.py:53            | ✅	Success: /twitter/tweet/thread_context for conversation 1952338621404754064 (attempt 1/3)
2025-08-19 12:23:12 | INFO     | main.py:61            | ✅	Success: /twitter/tweet/advanced_search (attempt 1/3)
2025-08-19 12:23:14 | INFO     | main.py:53            | ✅	Success: /twitter/tweet/thread_context for conversation 1952338621253800200 (attempt 1/3)
2025-08-19 12:23:15 | INFO     | main.py:53            | ✅	Success: /twitter/tweet/thread_context for conversation 1952338621253800200 (attempt 1/3)
2025-08-19 12:23:17 | INFO     | main.py:53            | ✅	Success: /twitter/tweet/thread_context for conversation 1952338620498797018 (attempt 1/3)
2025-08-19 12:23:18 | INFO     | main.py:53            | ✅	Success: /twitter/tweet/thread_context for conversation 1952338620498797018 (attempt 1/3)
2025-08-19 12:23:20 | INFO     | main.py:53            | ✅	Success: /twitter/tweet/thread_context for conversation 1952338618904969551 (attempt 1/3)
2025-08-19 12:23:21 | INFO     | main.py:53            | ✅	Success: /twitter/tweet/thread_context for conversation 1952338618833592752 (attempt 1/3)
2025-08-19 12:23:22 | INFO     | main.py:53            | ✅	Success: /twitter/tweet/thread_context for conversation 1952338618833592752 (attempt 1/3)
2025-08-19 12:23:23 | INFO     | main.py:53            | ✅	Success: /twitter/tweet/thread_context for conversation 1952338617684427255 (attempt 1/3)
2025-08-19 12:23:24 | INFO     | main.py:53            | ✅	Success: /twitter/tweet/thread_context for conversation 1952338617684427255 (attempt 1/3)
2025-08-19 12:23:26 | INFO     | main.py:53            | ✅	Success: /twitter/tweet/thread_context for conversation 1952338616069595278 (attempt 1/3)
2025-08-19 12:23:27 | INFO     | main.py:53            | ✅	Success: /twitter/tweet/thread_context for conversation 1952338615654363305 (attempt 1/3)
2025-08-19 12:23:28 | INFO     | main.py:53            | ✅	Success: /twitter/tweet/thread_context for conversation 1952338615654363305 (attempt 1/3)
2025-08-19 12:23:29 | INFO     | main.py:53            | ✅	Success: /twitter/tweet/thread_context for conversation 1952338615427834070 (attempt 1/3)
2025-08-19 12:23:30 | INFO     | main.py:53            | ✅	Success: /twitter/tweet/thread_context for conversation 1952338615100637326 (attempt 1/3)
2025-08-19 12:23:32 | INFO     | main.py:53            | ✅	Success: /twitter/tweet/thread_context for conversation 1952338614937076050 (attempt 1/3)
2025-08-19 12:23:33 | INFO     | main.py:53            | ✅	Success: /twitter/tweet/thread_context for conversation 1952338613410345345 (attempt 1/3)
2025-08-19 12:23:35 | INFO     | main.py:53            | ✅	Success: /twitter/tweet/thread_context for conversation 1952338613410345345 (attempt 1/3)
2025-08-19 12:23:36 | INFO     | main.py:53            | ✅	Success: /twitter/tweet/thread_context for conversation 1952338613397798918 (attempt 1/3)
2025-08-19 12:23:37 | INFO     | main.py:53            | ✅	Success: /twitter/tweet/thread_context for conversation 1952338613397798918 (attempt 1/3)
2025-08-19 12:23:39 | INFO     | main.py:53            | ✅	Success: /twitter/tweet/thread_context for conversation 1952338612043071962 (attempt 1/3)
2025-08-19 12:23:40 | INFO     | main.py:53            | ✅	Success: /twitter/tweet/thread_context for conversation 1952338612043071962 (attempt 1/3)
2025-08-19 12:23:41 | INFO     | main.py:53            | ✅	Success: /twitter/tweet/thread_context for conversation 1952338611426509304 (attempt 1/3)
2025-08-19 12:23:42 | INFO     | main.py:53            | ✅	Success: /twitter/tweet/thread_context for conversation 1952338611426509304 (attempt 1/3)
2025-08-19 12:23:43 | INFO     | main.py:53            | ✅	Success: /twitter/tweet/thread_context for conversation 1952338610537279619 (attempt 1/3)
2025-08-19 12:23:44 | INFO     | main.py:53            | ✅	Success: /twitter/tweet/thread_context for conversation 1952338609736179752 (attempt 1/3)
2025-08-19 12:23:45 | INFO     | main.py:53            | ✅	Success: /twitter/tweet/thread_context for conversation 1952338609488760852 (attempt 1/3)
2025-08-19 12:23:46 | INFO     | main.py:53            | ✅	Success: /twitter/tweet/thread_context for conversation 1952338609048281519 (attempt 1/3)
2025-08-19 12:23:47 | INFO     | main.py:53            | ✅	Success: /twitter/tweet/thread_context for conversation 1952338607873863804 (attempt 1/3)
2025-08-19 12:23:48 | INFO     | main.py:53            | ✅	Success: /twitter/tweet/thread_context for conversation 1952338607873863804 (attempt 1/3)
2025-08-19 12:23:50 | INFO     | main.py:53            | ✅	Success: /twitter/tweet/thread_context for conversation 1952338607806808272 (attempt 1/3)
2025-08-19 12:23:50 | INFO     | main.py:53            | ✅	Success: /twitter/tweet/thread_context for conversation 1952338607806808272 (attempt 1/3)
2025-08-19 12:23:52 | INFO     | main.py:61            | ✅	Success: /twitter/tweet/advanced_search (attempt 1/3)
2025-08-19 12:23:54 | INFO     | main.py:53            | ✅	Success: /twitter/tweet/thread_context for conversation 1952338606699495819 (attempt 1/3)
2025-08-19 12:23:55 | INFO     | main.py:53            | ✅	Success: /twitter/tweet/thread_context for conversation 1952338606351429818 (attempt 1/3)
2025-08-19 12:23:56 | INFO     | main.py:53            | ✅	Success: /twitter/tweet/thread_context for conversation 1952338606351429818 (attempt 1/3)
2025-08-19 12:23:59 | INFO     | main.py:53            | ✅	Success: /twitter/tweet/thread_context for conversation 1952338606275838330 (attempt 1/3)
2025-08-19 12:24:00 | INFO     | main.py:53            | ✅	Success: /twitter/tweet/thread_context for conversation 1952338604744909128 (attempt 1/3)
2025-08-19 12:24:02 | INFO     | main.py:53            | ✅	Success: /twitter/tweet/thread_context for conversation 1952338603918725345 (attempt 1/3)
2025-08-19 12:24:02 | INFO     | main.py:286           | Streaming complete: 9 search page(s); ~1270 upsert attempts.
2025-08-19 12:24:03 | INFO     | format_objects.py:280 | Raw dump: 885 conversation(s) → ./grok_data/raw.json
2025-08-19 12:24:04 | INFO     | format_objects.py:442 | Transform complete: 885 conversation(s) → grok_data/data.json
2025-08-19 12:24:04 | INFO     | main.py:305           | Done! Run summary — elapsed=266.4s | conversations=150 | search_pages=9 | upserts≈1270 | api_success=1401 / attempts=1401
2025-08-19 12:24:04 | INFO     | cli.py:68             | ▶️	Block 2025-08-04 12:00:00 → 2025-08-04 18:00:00 | handle=grok | cap=150
2025-08-19 12:24:04 | INFO     | format_objects.py:29  | Built query:	from:grok filter:replies -filter:retweets -filter:quote -filter:self_threads since:2025-08-04_12:00:00_UTC until:2025-08-04_18:00:00_UTC
2025-08-19 12:24:06 | INFO     | main.py:61            | ✅	Success: /twitter/tweet/advanced_search (attempt 1/3)
2025-08-19 12:24:07 | INFO     | main.py:53            | ✅	Success: /twitter/tweet/thread_context for conversation 1952429322477941165 (attempt 1/3)
2025-08-19 12:24:08 | INFO     | main.py:53            | ✅	Success: /twitter/tweet/thread_context for conversation 1952429322477941165 (attempt 1/3)
2025-08-19 12:24:10 | INFO     | main.py:53            | ✅	Success: /twitter/tweet/thread_context for conversation 1952429321819422957 (attempt 1/3)
2025-08-19 12:24:11 | INFO     | main.py:53            | ✅	Success: /twitter/tweet/thread_context for conversation 1952429321819422957 (attempt 1/3)
2025-08-19 12:24:12 | INFO     | main.py:53            | ✅	Success: /twitter/tweet/thread_context for conversation 1952429321710420246 (attempt 1/3)
2025-08-19 12:24:12 | INFO     | main.py:53            | ✅	Success: /twitter/tweet/thread_context for conversation 1952429321710420246 (attempt 1/3)
2025-08-19 12:24:14 | INFO     | main.py:53            | ✅	Success: /twitter/tweet/thread_context for conversation 1952429321228099878 (attempt 1/3)
2025-08-19 12:24:16 | INFO     | main.py:53            | ✅	Success: /twitter/tweet/thread_context for conversation 1952429320456274081 (attempt 1/3)
2025-08-19 12:24:18 | INFO     | main.py:53            | ✅	Success: /twitter/tweet/thread_context for conversation 1952429320456274081 (attempt 1/3)
2025-08-19 12:24:19 | INFO     | main.py:53            | ✅	Success: /twitter/tweet/thread_context for conversation 1952429319198068970 (attempt 1/3)
2025-08-19 12:24:20 | INFO     | main.py:53            | ✅	Success: /twitter/tweet/thread_context for conversation 1952429319198068970 (attempt 1/3)
2025-08-19 12:24:21 | INFO     | main.py:53            | ✅	Success: /twitter/tweet/thread_context for conversation 1952429318673764774 (attempt 1/3)
2025-08-19 12:24:22 | INFO     | main.py:53            | ✅	Success: /twitter/tweet/thread_context for conversation 1952429318673764774 (attempt 1/3)
2025-08-19 12:24:23 | INFO     | main.py:53            | ✅	Success: /twitter/tweet/thread_context for conversation 1952429318296182939 (attempt 1/3)
2025-08-19 12:24:24 | INFO     | main.py:53            | ✅	Success: /twitter/tweet/thread_context for conversation 1952429318271033634 (attempt 1/3)
2025-08-19 12:24:25 | INFO     | main.py:53            | ✅	Success: /twitter/tweet/thread_context for conversation 1952429318078136496 (attempt 1/3)
2025-08-19 12:24:26 | INFO     | main.py:53            | ✅	Success: /twitter/tweet/thread_context for conversation 1952429318078136496 (attempt 1/3)
2025-08-19 12:24:27 | INFO     | main.py:53            | ✅	Success: /twitter/tweet/thread_context for conversation 1952429317763526778 (attempt 1/3)
2025-08-19 12:24:28 | INFO     | main.py:53            | ✅	Success: /twitter/tweet/thread_context for conversation 1952429317075640747 (attempt 1/3)
2025-08-19 12:24:29 | INFO     | main.py:53            | ✅	Success: /twitter/tweet/thread_context for conversation 1952429315729277234 (attempt 1/3)
2025-08-19 12:24:30 | INFO     | main.py:53            | ✅	Success: /twitter/tweet/thread_context for conversation 1952429315515371899 (attempt 1/3)
2025-08-19 12:24:31 | INFO     | main.py:53            | ✅	Success: /twitter/tweet/thread_context for conversation 1952429315515371899 (attempt 1/3)
2025-08-19 12:24:33 | INFO     | main.py:53            | ✅	Success: /twitter/tweet/thread_context for conversation 1952429315498664357 (attempt 1/3)
2025-08-19 12:24:34 | INFO     | main.py:53            | ✅	Success: /twitter/tweet/thread_context for conversation 1952429315498664357 (attempt 1/3)
2025-08-19 12:24:35 | INFO     | main.py:53            | ✅	Success: /twitter/tweet/thread_context for conversation 1952429315167318480 (attempt 1/3)
2025-08-19 12:24:36 | INFO     | main.py:53            | ✅	Success: /twitter/tweet/thread_context for conversation 1952429314898854197 (attempt 1/3)
2025-08-19 12:24:38 | INFO     | main.py:53            | ✅	Success: /twitter/tweet/thread_context for conversation 1952429314898854197 (attempt 1/3)
2025-08-19 12:24:39 | INFO     | main.py:53            | ✅	Success: /twitter/tweet/thread_context for conversation 1952429314655559958 (attempt 1/3)
2025-08-19 12:24:40 | INFO     | main.py:61            | ✅	Success: /twitter/tweet/advanced_search (attempt 1/3)
2025-08-19 12:24:41 | INFO     | main.py:53            | ✅	Success: /twitter/tweet/thread_context for conversation 1952429313426690221 (attempt 1/3)
2025-08-19 12:24:42 | INFO     | main.py:53            | ✅	Success: /twitter/tweet/thread_context for conversation 1952429313426690221 (attempt 1/3)
2025-08-19 12:24:43 | INFO     | main.py:53            | ✅	Success: /twitter/tweet/thread_context for conversation 1952429313317609860 (attempt 1/3)
2025-08-19 12:24:44 | INFO     | main.py:53            | ✅	Success: /twitter/tweet/thread_context for conversation 1952429313137283200 (attempt 1/3)
2025-08-19 12:24:45 | INFO     | main.py:53            | ✅	Success: /twitter/tweet/thread_context for conversation 1952429312059335082 (attempt 1/3)
2025-08-19 12:24:47 | INFO     | main.py:53            | ✅	Success: /twitter/tweet/thread_context for conversation 1952429311224647808 (attempt 1/3)
2025-08-19 12:24:48 | INFO     | main.py:53            | ✅	Success: /twitter/tweet/thread_context for conversation 1952429311224647808 (attempt 1/3)
2025-08-19 12:24:49 | INFO     | main.py:53            | ✅	Success: /twitter/tweet/thread_context for conversation 1952429310868140430 (attempt 1/3)
2025-08-19 12:24:51 | INFO     | main.py:53            | ✅	Success: /twitter/tweet/thread_context for conversation 1952429310423539829 (attempt 1/3)
2025-08-19 12:24:53 | INFO     | main.py:53            | ✅	Success: /twitter/tweet/thread_context for conversation 1952429310423539829 (attempt 1/3)
2025-08-19 12:24:54 | INFO     | main.py:53            | ✅	Success: /twitter/tweet/thread_context for conversation 1952429310268318148 (attempt 1/3)
2025-08-19 12:24:55 | INFO     | main.py:53            | ✅	Success: /twitter/tweet/thread_context for conversation 1952429309379133900 (attempt 1/3)
2025-08-19 12:24:56 | INFO     | main.py:53            | ✅	Success: /twitter/tweet/thread_context for conversation 1952429309379133900 (attempt 1/3)
2025-08-19 12:24:57 | INFO     | main.py:53            | ✅	Success: /twitter/tweet/thread_context for conversation 1952429306996838641 (attempt 1/3)
2025-08-19 12:24:58 | INFO     | main.py:53            | ✅	Success: /twitter/tweet/thread_context for conversation 1952429306996838641 (attempt 1/3)
2025-08-19 12:25:00 | INFO     | main.py:53            | ✅	Success: /twitter/tweet/thread_context for conversation 1952429303989510637 (attempt 1/3)
2025-08-19 12:25:01 | INFO     | main.py:53            | ✅	Success: /twitter/tweet/thread_context for conversation 1952429303888761234 (attempt 1/3)
2025-08-19 12:25:02 | INFO     | main.py:53            | ✅	Success: /twitter/tweet/thread_context for conversation 1952429303888761234 (attempt 1/3)
2025-08-19 12:25:03 | INFO     | main.py:53            | ✅	Success: /twitter/tweet/thread_context for conversation 1952429303796539604 (attempt 1/3)
2025-08-19 12:25:03 | INFO     | main.py:53            | ✅	Success: /twitter/tweet/thread_context for conversation 1952429303796539604 (attempt 1/3)
2025-08-19 12:25:05 | INFO     | main.py:53            | ✅	Success: /twitter/tweet/thread_context for conversation 1952429303242854690 (attempt 1/3)
2025-08-19 12:25:06 | INFO     | main.py:53            | ✅	Success: /twitter/tweet/thread_context for conversation 1952429303184105709 (attempt 1/3)
2025-08-19 12:25:07 | INFO     | main.py:53            | ✅	Success: /twitter/tweet/thread_context for conversation 1952429303184105709 (attempt 1/3)
2025-08-19 12:25:09 | INFO     | main.py:53            | ✅	Success: /twitter/tweet/thread_context for conversation 1952429302756360439 (attempt 1/3)
2025-08-19 12:25:10 | INFO     | main.py:53            | ✅	Success: /twitter/tweet/thread_context for conversation 1952429302756360439 (attempt 1/3)
2025-08-19 12:25:12 | INFO     | main.py:53            | ✅	Success: /twitter/tweet/thread_context for conversation 1952429302601142455 (attempt 1/3)
2025-08-19 12:25:13 | INFO     | main.py:61            | ✅	Success: /twitter/tweet/advanced_search (attempt 1/3)
2025-08-19 12:25:14 | INFO     | main.py:53            | ✅	Success: /twitter/tweet/thread_context for conversation 1952429302122938661 (attempt 1/3)
2025-08-19 12:25:14 | INFO     | main.py:53            | ✅	Success: /twitter/tweet/thread_context for conversation 1952429302122938661 (attempt 1/3)
2025-08-19 12:25:15 | INFO     | main.py:53            | ✅	Success: /twitter/tweet/thread_context for conversation 1952429301489623328 (attempt 1/3)
2025-08-19 12:25:17 | INFO     | main.py:53            | ✅	Success: /twitter/tweet/thread_context for conversation 1952429300260671904 (attempt 1/3)
2025-08-19 12:25:18 | INFO     | main.py:53            | ✅	Success: /twitter/tweet/thread_context for conversation 1952429300260671904 (attempt 1/3)
2025-08-19 12:25:19 | INFO     | main.py:53            | ✅	Success: /twitter/tweet/thread_context for conversation 1952429299644211214 (attempt 1/3)
2025-08-19 12:25:20 | INFO     | main.py:53            | ✅	Success: /twitter/tweet/thread_context for conversation 1952429298704589022 (attempt 1/3)
2025-08-19 12:25:22 | INFO     | main.py:53            | ✅	Success: /twitter/tweet/thread_context for conversation 1952429297844768974 (attempt 1/3)
2025-08-19 12:25:23 | INFO     | main.py:53            | ✅	Success: /twitter/tweet/thread_context for conversation 1952429297844768974 (attempt 1/3)
2025-08-19 12:25:24 | INFO     | main.py:53            | ✅	Success: /twitter/tweet/thread_context for conversation 1952429296901034055 (attempt 1/3)
2025-08-19 12:25:25 | INFO     | main.py:53            | ✅	Success: /twitter/tweet/thread_context for conversation 1952429296901034055 (attempt 1/3)
2025-08-19 12:25:27 | INFO     | main.py:53            | ✅	Success: /twitter/tweet/thread_context for conversation 1952429296620114197 (attempt 1/3)
2025-08-19 12:25:29 | INFO     | main.py:53            | ✅	Success: /twitter/tweet/thread_context for conversation 1952429296620114197 (attempt 1/3)
2025-08-19 12:25:30 | INFO     | main.py:53            | ✅	Success: /twitter/tweet/thread_context for conversation 1952429296200642805 (attempt 1/3)
2025-08-19 12:25:31 | INFO     | main.py:53            | ✅	Success: /twitter/tweet/thread_context for conversation 1952429296200642805 (attempt 1/3)
2025-08-19 12:25:32 | INFO     | main.py:53            | ✅	Success: /twitter/tweet/thread_context for conversation 1952429296083202383 (attempt 1/3)
2025-08-19 12:25:34 | INFO     | main.py:53            | ✅	Success: /twitter/tweet/thread_context for conversation 1952429295986737173 (attempt 1/3)
2025-08-19 12:25:35 | INFO     | main.py:53            | ✅	Success: /twitter/tweet/thread_context for conversation 1952429295986737173 (attempt 1/3)
2025-08-19 12:25:36 | INFO     | main.py:53            | ✅	Success: /twitter/tweet/thread_context for conversation 1952429295433097637 (attempt 1/3)
2025-08-19 12:25:37 | INFO     | main.py:53            | ✅	Success: /twitter/tweet/thread_context for conversation 1952429295433097637 (attempt 1/3)
2025-08-19 12:25:38 | INFO     | main.py:53            | ✅	Success: /twitter/tweet/thread_context for conversation 1952429294959132713 (attempt 1/3)
2025-08-19 12:25:39 | INFO     | main.py:53            | ✅	Success: /twitter/tweet/thread_context for conversation 1952429293851771237 (attempt 1/3)
2025-08-19 12:25:40 | INFO     | main.py:53            | ✅	Success: /twitter/tweet/thread_context for conversation 1952429293700800585 (attempt 1/3)
2025-08-19 12:25:42 | INFO     | main.py:53            | ✅	Success: /twitter/tweet/thread_context for conversation 1952429293700800585 (attempt 1/3)
2025-08-19 12:25:44 | INFO     | main.py:53            | ✅	Success: /twitter/tweet/thread_context for conversation 1952429293394608610 (attempt 1/3)
2025-08-19 12:25:45 | INFO     | main.py:53            | ✅	Success: /twitter/tweet/thread_context for conversation 1952429293394608610 (attempt 1/3)
2025-08-19 12:25:45 | INFO     | main.py:53            | ✅	Success: /twitter/tweet/thread_context for conversation 1952429293298127167 (attempt 1/3)
2025-08-19 12:25:46 | INFO     | main.py:53            | ✅	Success: /twitter/tweet/thread_context for conversation 1952429293298127167 (attempt 1/3)
2025-08-19 12:25:48 | INFO     | main.py:61            | ✅	Success: /twitter/tweet/advanced_search (attempt 1/3)
2025-08-19 12:25:49 | INFO     | main.py:53            | ✅	Success: /twitter/tweet/thread_context for conversation 1952429292702544277 (attempt 1/3)
2025-08-19 12:25:50 | INFO     | main.py:53            | ✅	Success: /twitter/tweet/thread_context for conversation 1952429292702544277 (attempt 1/3)
2025-08-19 12:25:51 | INFO     | main.py:53            | ✅	Success: /twitter/tweet/thread_context for conversation 1952429291435897059 (attempt 1/3)
2025-08-19 12:25:52 | INFO     | main.py:53            | ✅	Success: /twitter/tweet/thread_context for conversation 1952429290794189068 (attempt 1/3)
2025-08-19 12:25:54 | INFO     | main.py:53            | ✅	Success: /twitter/tweet/thread_context for conversation 1952429290794189068 (attempt 1/3)
2025-08-19 12:25:55 | INFO     | main.py:53            | ✅	Success: /twitter/tweet/thread_context for conversation 1952429289976275335 (attempt 1/3)
2025-08-19 12:25:56 | INFO     | main.py:53            | ✅	Success: /twitter/tweet/thread_context for conversation 1952429289053495437 (attempt 1/3)
2025-08-19 12:25:57 | INFO     | main.py:53            | ✅	Success: /twitter/tweet/thread_context for conversation 1952429288596377891 (attempt 1/3)
2025-08-19 12:25:58 | INFO     | main.py:53            | ✅	Success: /twitter/tweet/thread_context for conversation 1952429288596377891 (attempt 1/3)
2025-08-19 12:25:59 | INFO     | main.py:53            | ✅	Success: /twitter/tweet/thread_context for conversation 1952429288134979734 (attempt 1/3)
2025-08-19 12:26:00 | INFO     | main.py:53            | ✅	Success: /twitter/tweet/thread_context for conversation 1952429286507618686 (attempt 1/3)
2025-08-19 12:26:01 | INFO     | main.py:53            | ✅	Success: /twitter/tweet/thread_context for conversation 1952429285949714890 (attempt 1/3)
2025-08-19 12:26:02 | INFO     | main.py:53            | ✅	Success: /twitter/tweet/thread_context for conversation 1952429285949714890 (attempt 1/3)
2025-08-19 12:26:03 | INFO     | main.py:53            | ✅	Success: /twitter/tweet/thread_context for conversation 1952429285257642471 (attempt 1/3)
2025-08-19 12:26:03 | INFO     | main.py:53            | ✅	Success: /twitter/tweet/thread_context for conversation 1952429285131870689 (attempt 1/3)
2025-08-19 12:26:04 | INFO     | main.py:53            | ✅	Success: /twitter/tweet/thread_context for conversation 1952429285131870689 (attempt 1/3)
2025-08-19 12:26:06 | INFO     | main.py:53            | ✅	Success: /twitter/tweet/thread_context for conversation 1952429284590752096 (attempt 1/3)
2025-08-19 12:26:07 | INFO     | main.py:53            | ✅	Success: /twitter/tweet/thread_context for conversation 1952429284121067818 (attempt 1/3)
2025-08-19 12:26:08 | INFO     | main.py:53            | ✅	Success: /twitter/tweet/thread_context for conversation 1952429283714236544 (attempt 1/3)
2025-08-19 12:26:09 | INFO     | main.py:53            | ✅	Success: /twitter/tweet/thread_context for conversation 1952429283529601157 (attempt 1/3)
2025-08-19 12:26:10 | INFO     | main.py:53            | ✅	Success: /twitter/tweet/thread_context for conversation 1952429283529601157 (attempt 1/3)
2025-08-19 12:26:11 | INFO     | main.py:53            | ✅	Success: /twitter/tweet/thread_context for conversation 1952429281004691818 (attempt 1/3)
2025-08-19 12:26:12 | INFO     | main.py:61            | ✅	Success: /twitter/tweet/advanced_search (attempt 1/3)
2025-08-19 12:26:13 | INFO     | main.py:53            | ✅	Success: /twitter/tweet/thread_context for conversation 1952429279918338384 (attempt 1/3)
2025-08-19 12:26:15 | INFO     | main.py:53            | ✅	Success: /twitter/tweet/thread_context for conversation 1952429279154937985 (attempt 1/3)
2025-08-19 12:26:16 | INFO     | main.py:53            | ✅	Success: /twitter/tweet/thread_context for conversation 1952429278731383156 (attempt 1/3)
2025-08-19 12:26:17 | INFO     | main.py:53            | ✅	Success: /twitter/tweet/thread_context for conversation 1952429278219682255 (attempt 1/3)
2025-08-19 12:26:19 | INFO     | main.py:53            | ✅	Success: /twitter/tweet/thread_context for conversation 1952429277514957281 (attempt 1/3)
2025-08-19 12:26:20 | INFO     | main.py:53            | ✅	Success: /twitter/tweet/thread_context for conversation 1952429277183635634 (attempt 1/3)
2025-08-19 12:26:20 | INFO     | main.py:53            | ✅	Success: /twitter/tweet/thread_context for conversation 1952429276428706102 (attempt 1/3)
2025-08-19 12:26:21 | INFO     | main.py:53            | ✅	Success: /twitter/tweet/thread_context for conversation 1952429276068016152 (attempt 1/3)
2025-08-19 12:26:22 | INFO     | main.py:53            | ✅	Success: /twitter/tweet/thread_context for conversation 1952429275145179368 (attempt 1/3)
2025-08-19 12:26:24 | INFO     | main.py:53            | ✅	Success: /twitter/tweet/thread_context for conversation 1952429272565727424 (attempt 1/3)
2025-08-19 12:26:25 | INFO     | main.py:53            | ✅	Success: /twitter/tweet/thread_context for conversation 1952429272565727424 (attempt 1/3)
2025-08-19 12:26:26 | INFO     | main.py:53            | ✅	Success: /twitter/tweet/thread_context for conversation 1952429271018045904 (attempt 1/3)
2025-08-19 12:26:28 | INFO     | main.py:53            | ✅	Success: /twitter/tweet/thread_context for conversation 1952429270200197540 (attempt 1/3)
2025-08-19 12:26:29 | INFO     | main.py:53            | ✅	Success: /twitter/tweet/thread_context for conversation 1952429270200197540 (attempt 1/3)
2025-08-19 12:26:30 | INFO     | main.py:53            | ✅	Success: /twitter/tweet/thread_context for conversation 1952429269554176063 (attempt 1/3)
2025-08-19 12:26:31 | INFO     | main.py:53            | ✅	Success: /twitter/tweet/thread_context for conversation 1952429269554176063 (attempt 1/3)
2025-08-19 12:26:32 | INFO     | main.py:53            | ✅	Success: /twitter/tweet/thread_context for conversation 1952429267968753902 (attempt 1/3)
2025-08-19 12:26:33 | INFO     | main.py:61            | ✅	Success: /twitter/tweet/advanced_search (attempt 1/3)
2025-08-19 12:26:34 | INFO     | main.py:53            | ✅	Success: /twitter/tweet/thread_context for conversation 1952429265204690944 (attempt 1/3)
2025-08-19 12:26:35 | INFO     | main.py:53            | ✅	Success: /twitter/tweet/thread_context for conversation 1952429264105877977 (attempt 1/3)
2025-08-19 12:26:36 | INFO     | main.py:53            | ✅	Success: /twitter/tweet/thread_context for conversation 1952429264105877977 (attempt 1/3)
2025-08-19 12:26:37 | INFO     | main.py:53            | ✅	Success: /twitter/tweet/thread_context for conversation 1952429263304769683 (attempt 1/3)
2025-08-19 12:26:39 | INFO     | main.py:53            | ✅	Success: /twitter/tweet/thread_context for conversation 1952429262549782772 (attempt 1/3)
2025-08-19 12:26:40 | INFO     | main.py:53            | ✅	Success: /twitter/tweet/thread_context for conversation 1952429262549782772 (attempt 1/3)
2025-08-19 12:26:41 | INFO     | main.py:53            | ✅	Success: /twitter/tweet/thread_context for conversation 1952429260884623581 (attempt 1/3)
2025-08-19 12:26:42 | INFO     | main.py:53            | ✅	Success: /twitter/tweet/thread_context for conversation 1952429260884623581 (attempt 1/3)
2025-08-19 12:26:43 | INFO     | main.py:53            | ✅	Success: /twitter/tweet/thread_context for conversation 1952429260058366328 (attempt 1/3)
2025-08-19 12:26:45 | INFO     | main.py:53            | ✅	Success: /twitter/tweet/thread_context for conversation 1952429258409980393 (attempt 1/3)
2025-08-19 12:26:46 | INFO     | main.py:53            | ✅	Success: /twitter/tweet/thread_context for conversation 1952429258145722788 (attempt 1/3)
2025-08-19 12:26:47 | INFO     | main.py:53            | ✅	Success: /twitter/tweet/thread_context for conversation 1952429258145722788 (attempt 1/3)
2025-08-19 12:26:49 | INFO     | main.py:53            | ✅	Success: /twitter/tweet/thread_context for conversation 1952429254429515801 (attempt 1/3)
2025-08-19 12:26:50 | INFO     | main.py:53            | ✅	Success: /twitter/tweet/thread_context for conversation 1952429254429515801 (attempt 1/3)
2025-08-19 12:26:51 | INFO     | main.py:53            | ✅	Success: /twitter/tweet/thread_context for conversation 1952429253309722663 (attempt 1/3)
2025-08-19 12:26:52 | INFO     | main.py:53            | ✅	Success: /twitter/tweet/thread_context for conversation 1952429250168099117 (attempt 1/3)
2025-08-19 12:26:53 | INFO     | main.py:53            | ✅	Success: /twitter/tweet/thread_context for conversation 1952429250168099117 (attempt 1/3)
2025-08-19 12:26:55 | INFO     | main.py:53            | ✅	Success: /twitter/tweet/thread_context for conversation 1952429246229680592 (attempt 1/3)
2025-08-19 12:27:00 | INFO     | main.py:53            | ✅	Success: /twitter/tweet/thread_context for conversation 1952429245193654625 (attempt 1/3)
2025-08-19 12:27:01 | INFO     | main.py:53            | ✅	Success: /twitter/tweet/thread_context for conversation 1952429244572901431 (attempt 1/3)
2025-08-19 12:27:02 | INFO     | main.py:53            | ✅	Success: /twitter/tweet/thread_context for conversation 1952429244572901431 (attempt 1/3)
2025-08-19 12:27:04 | INFO     | main.py:53            | ✅	Success: /twitter/tweet/thread_context for conversation 1952429241209098588 (attempt 1/3)
2025-08-19 12:27:05 | INFO     | main.py:53            | ✅	Success: /twitter/tweet/thread_context for conversation 1952429241209098588 (attempt 1/3)
2025-08-19 12:27:06 | INFO     | main.py:53            | ✅	Success: /twitter/tweet/thread_context for conversation 1952429239095222562 (attempt 1/3)
2025-08-19 12:27:07 | INFO     | main.py:53            | ✅	Success: /twitter/tweet/thread_context for conversation 1952429239095222562 (attempt 1/3)
2025-08-19 12:27:09 | INFO     | main.py:53            | ✅	Success: /twitter/tweet/thread_context for conversation 1952429234905071771 (attempt 1/3)
2025-08-19 12:27:10 | INFO     | main.py:53            | ✅	Success: /twitter/tweet/thread_context for conversation 1952429234905071771 (attempt 1/3)
2025-08-19 12:27:10 | INFO     | main.py:53            | ✅	Success: /twitter/tweet/thread_context for conversation 1952429234787647695 (attempt 1/3)
2025-08-19 12:27:11 | INFO     | main.py:61            | ✅	Success: /twitter/tweet/advanced_search (attempt 1/3)
2025-08-19 12:27:13 | INFO     | main.py:53            | ✅	Success: /twitter/tweet/thread_context for conversation 1952429234737287373 (attempt 1/3)
2025-08-19 12:27:14 | INFO     | main.py:53            | ✅	Success: /twitter/tweet/thread_context for conversation 1952429234737287373 (attempt 1/3)
2025-08-19 12:27:15 | INFO     | main.py:53            | ✅	Success: /twitter/tweet/thread_context for conversation 1952429231327338694 (attempt 1/3)
2025-08-19 12:27:16 | INFO     | main.py:53            | ✅	Success: /twitter/tweet/thread_context for conversation 1952429229322510743 (attempt 1/3)
2025-08-19 12:27:17 | INFO     | main.py:53            | ✅	Success: /twitter/tweet/thread_context for conversation 1952429227627982898 (attempt 1/3)
2025-08-19 12:27:18 | INFO     | main.py:53            | ✅	Success: /twitter/tweet/thread_context for conversation 1952429223190417462 (attempt 1/3)
2025-08-19 12:27:20 | INFO     | main.py:53            | ✅	Success: /twitter/tweet/thread_context for conversation 1952429220665372750 (attempt 1/3)
2025-08-19 12:27:20 | INFO     | main.py:53            | ✅	Success: /twitter/tweet/thread_context for conversation 1952429220665372750 (attempt 1/3)
2025-08-19 12:27:21 | INFO     | main.py:53            | ✅	Success: /twitter/tweet/thread_context for conversation 1952429220002734115 (attempt 1/3)
2025-08-19 12:27:23 | INFO     | main.py:53            | ✅	Success: /twitter/tweet/thread_context for conversation 1952429214382317842 (attempt 1/3)
2025-08-19 12:27:24 | INFO     | main.py:53            | ✅	Success: /twitter/tweet/thread_context for conversation 1952429213073756649 (attempt 1/3)
2025-08-19 12:27:25 | INFO     | main.py:53            | ✅	Success: /twitter/tweet/thread_context for conversation 1952429212956266690 (attempt 1/3)
2025-08-19 12:27:26 | INFO     | main.py:53            | ✅	Success: /twitter/tweet/thread_context for conversation 1952429212100604162 (attempt 1/3)
2025-08-19 12:27:27 | INFO     | main.py:53            | ✅	Success: /twitter/tweet/thread_context for conversation 1952429212100604162 (attempt 1/3)
2025-08-19 12:27:28 | INFO     | main.py:53            | ✅	Success: /twitter/tweet/thread_context for conversation 1952429210825633894 (attempt 1/3)
2025-08-19 12:27:30 | INFO     | main.py:53            | ✅	Success: /twitter/tweet/thread_context for conversation 1952429204458586285 (attempt 1/3)
2025-08-19 12:27:31 | INFO     | main.py:53            | ✅	Success: /twitter/tweet/thread_context for conversation 1952429203938562548 (attempt 1/3)
2025-08-19 12:27:32 | INFO     | main.py:53            | ✅	Success: /twitter/tweet/thread_context for conversation 1952429203703619917 (attempt 1/3)
2025-08-19 12:27:34 | INFO     | main.py:53            | ✅	Success: /twitter/tweet/thread_context for conversation 1952429200197226554 (attempt 1/3)
2025-08-19 12:27:34 | INFO     | main.py:53            | ✅	Success: /twitter/tweet/thread_context for conversation 1952429200197226554 (attempt 1/3)
2025-08-19 12:27:36 | INFO     | main.py:53            | ✅	Success: /twitter/tweet/thread_context for conversation 1952429199295500531 (attempt 1/3)
2025-08-19 12:27:37 | INFO     | main.py:53            | ✅	Success: /twitter/tweet/thread_context for conversation 1952429199295500531 (attempt 1/3)
2025-08-19 12:27:38 | INFO     | main.py:53            | ✅	Success: /twitter/tweet/thread_context for conversation 1952429198653759605 (attempt 1/3)
2025-08-19 12:27:39 | INFO     | main.py:53            | ✅	Success: /twitter/tweet/thread_context for conversation 1952429197693243700 (attempt 1/3)
2025-08-19 12:27:40 | INFO     | main.py:53            | ✅	Success: /twitter/tweet/thread_context for conversation 1952429197693243700 (attempt 1/3)
2025-08-19 12:27:42 | INFO     | main.py:61            | ✅	Success: /twitter/tweet/advanced_search (attempt 1/3)
2025-08-19 12:27:43 | INFO     | main.py:53            | ✅	Success: /twitter/tweet/thread_context for conversation 1952429197500293213 (attempt 1/3)
2025-08-19 12:27:44 | INFO     | main.py:53            | ✅	Success: /twitter/tweet/thread_context for conversation 1952429197194154084 (attempt 1/3)
2025-08-19 12:27:45 | INFO     | main.py:53            | ✅	Success: /twitter/tweet/thread_context for conversation 1952429197194154084 (attempt 1/3)
2025-08-19 12:27:46 | INFO     | main.py:53            | ✅	Success: /twitter/tweet/thread_context for conversation 1952429196992741684 (attempt 1/3)
2025-08-19 12:27:48 | INFO     | main.py:53            | ✅	Success: /twitter/tweet/thread_context for conversation 1952429196841721976 (attempt 1/3)
2025-08-19 12:27:49 | INFO     | main.py:53            | ✅	Success: /twitter/tweet/thread_context for conversation 1952429196753727963 (attempt 1/3)
2025-08-19 12:27:50 | INFO     | main.py:53            | ✅	Success: /twitter/tweet/thread_context for conversation 1952429196753727963 (attempt 1/3)
2025-08-19 12:27:51 | INFO     | main.py:53            | ✅	Success: /twitter/tweet/thread_context for conversation 1952429195247968606 (attempt 1/3)
2025-08-19 12:27:52 | INFO     | main.py:53            | ✅	Success: /twitter/tweet/thread_context for conversation 1952429195247968606 (attempt 1/3)
2025-08-19 12:27:53 | INFO     | main.py:53            | ✅	Success: /twitter/tweet/thread_context for conversation 1952429194685849850 (attempt 1/3)
2025-08-19 12:27:54 | INFO     | main.py:53            | ✅	Success: /twitter/tweet/thread_context for conversation 1952429194685849850 (attempt 1/3)
2025-08-19 12:27:56 | INFO     | main.py:53            | ✅	Success: /twitter/tweet/thread_context for conversation 1952429194354573630 (attempt 1/3)
2025-08-19 12:27:57 | INFO     | main.py:53            | ✅	Success: /twitter/tweet/thread_context for conversation 1952429193888985169 (attempt 1/3)
2025-08-19 12:27:59 | INFO     | main.py:53            | ✅	Success: /twitter/tweet/thread_context for conversation 1952429193771495891 (attempt 1/3)
2025-08-19 12:27:59 | INFO     | main.py:53            | ✅	Success: /twitter/tweet/thread_context for conversation 1952429193771495891 (attempt 1/3)
2025-08-19 12:28:01 | INFO     | main.py:53            | ✅	Success: /twitter/tweet/thread_context for conversation 1952429193649865101 (attempt 1/3)
2025-08-19 12:28:02 | INFO     | main.py:53            | ✅	Success: /twitter/tweet/thread_context for conversation 1952429193649865101 (attempt 1/3)
2025-08-19 12:28:03 | INFO     | main.py:53            | ✅	Success: /twitter/tweet/thread_context for conversation 1952429193322750149 (attempt 1/3)
2025-08-19 12:28:04 | INFO     | main.py:53            | ✅	Success: /twitter/tweet/thread_context for conversation 1952429193322750149 (attempt 1/3)
2025-08-19 12:28:05 | INFO     | main.py:53            | ✅	Success: /twitter/tweet/thread_context for conversation 1952429192571941339 (attempt 1/3)
2025-08-19 12:28:07 | INFO     | main.py:53            | ✅	Success: /twitter/tweet/thread_context for conversation 1952429192219636166 (attempt 1/3)
2025-08-19 12:28:08 | INFO     | main.py:53            | ✅	Success: /twitter/tweet/thread_context for conversation 1952429192219636166 (attempt 1/3)
2025-08-19 12:28:09 | INFO     | main.py:53            | ✅	Success: /twitter/tweet/thread_context for conversation 1952429191162659154 (attempt 1/3)
2025-08-19 12:28:10 | INFO     | main.py:53            | ✅	Success: /twitter/tweet/thread_context for conversation 1952429191162659154 (attempt 1/3)
2025-08-19 12:28:10 | INFO     | main.py:53            | ✅	Success: /twitter/tweet/thread_context for conversation 1952429190948749765 (attempt 1/3)
2025-08-19 12:28:11 | INFO     | main.py:53            | ✅	Success: /twitter/tweet/thread_context for conversation 1952429190344773948 (attempt 1/3)
2025-08-19 12:28:12 | INFO     | main.py:53            | ✅	Success: /twitter/tweet/thread_context for conversation 1952429190005092724 (attempt 1/3)
2025-08-19 12:28:14 | INFO     | main.py:53            | ✅	Success: /twitter/tweet/thread_context for conversation 1952429189497590086 (attempt 1/3)
2025-08-19 12:28:15 | INFO     | main.py:53            | ✅	Success: /twitter/tweet/thread_context for conversation 1952429189497590086 (attempt 1/3)
2025-08-19 12:28:17 | INFO     | main.py:61            | ✅	Success: /twitter/tweet/advanced_search (attempt 1/3)
2025-08-19 12:28:17 | INFO     | main.py:53            | ✅	Success: /twitter/tweet/thread_context for conversation 1952429188734218711 (attempt 1/3)
2025-08-19 12:28:18 | INFO     | main.py:53            | ✅	Success: /twitter/tweet/thread_context for conversation 1952429188704800812 (attempt 1/3)
2025-08-19 12:28:19 | INFO     | main.py:53            | ✅	Success: /twitter/tweet/thread_context for conversation 1952429188704800812 (attempt 1/3)
2025-08-19 12:28:21 | INFO     | main.py:53            | ✅	Success: /twitter/tweet/thread_context for conversation 1952429187287183774 (attempt 1/3)
2025-08-19 12:28:22 | INFO     | main.py:53            | ✅	Success: /twitter/tweet/thread_context for conversation 1952429187287183774 (attempt 1/3)
2025-08-19 12:28:23 | INFO     | main.py:53            | ✅	Success: /twitter/tweet/thread_context for conversation 1952429187069079977 (attempt 1/3)
2025-08-19 12:28:24 | INFO     | main.py:53            | ✅	Success: /twitter/tweet/thread_context for conversation 1952429187043901465 (attempt 1/3)
2025-08-19 12:28:25 | INFO     | main.py:53            | ✅	Success: /twitter/tweet/thread_context for conversation 1952429186209165386 (attempt 1/3)
2025-08-19 12:28:26 | INFO     | main.py:53            | ✅	Success: /twitter/tweet/thread_context for conversation 1952429186209165386 (attempt 1/3)
2025-08-19 12:28:27 | INFO     | main.py:53            | ✅	Success: /twitter/tweet/thread_context for conversation 1952429186091729309 (attempt 1/3)
2025-08-19 12:28:29 | INFO     | main.py:53            | ✅	Success: /twitter/tweet/thread_context for conversation 1952429185974333694 (attempt 1/3)
2025-08-19 12:28:30 | INFO     | main.py:53            | ✅	Success: /twitter/tweet/thread_context for conversation 1952429185974333694 (attempt 1/3)
2025-08-19 12:28:31 | INFO     | main.py:53            | ✅	Success: /twitter/tweet/thread_context for conversation 1952429185949159474 (attempt 1/3)
2025-08-19 12:28:32 | INFO     | main.py:53            | ✅	Success: /twitter/tweet/thread_context for conversation 1952429185471021182 (attempt 1/3)
2025-08-19 12:28:33 | INFO     | main.py:53            | ✅	Success: /twitter/tweet/thread_context for conversation 1952429185194143844 (attempt 1/3)
2025-08-19 12:28:35 | INFO     | main.py:53            | ✅	Success: /twitter/tweet/thread_context for conversation 1952429185194143844 (attempt 1/3)
2025-08-19 12:28:36 | INFO     | main.py:53            | ✅	Success: /twitter/tweet/thread_context for conversation 1952429184787366227 (attempt 1/3)
2025-08-19 12:28:37 | INFO     | main.py:53            | ✅	Success: /twitter/tweet/thread_context for conversation 1952429184787366227 (attempt 1/3)
2025-08-19 12:28:37 | INFO     | main.py:286           | Streaming complete: 9 search page(s); ~1216 upsert attempts.
2025-08-19 12:28:38 | INFO     | format_objects.py:280 | Raw dump: 1031 conversation(s) → ./grok_data/raw.json
2025-08-19 12:28:39 | INFO     | format_objects.py:442 | Transform complete: 1031 conversation(s) → grok_data/data.json
2025-08-19 12:28:39 | INFO     | main.py:305           | Done! Run summary — elapsed=275.5s | conversations=150 | search_pages=9 | upserts≈1216 | api_success=1631 / attempts=1631
2025-08-19 12:28:39 | INFO     | cli.py:68             | ▶️	Block 2025-08-04 18:00:00 → 2025-08-05 00:00:00 | handle=grok | cap=150
2025-08-19 12:28:39 | INFO     | format_objects.py:29  | Built query:	from:grok filter:replies -filter:retweets -filter:quote -filter:self_threads since:2025-08-04_18:00:00_UTC until:2025-08-05_00:00:00_UTC
2025-08-19 12:28:40 | INFO     | main.py:61            | ✅	Success: /twitter/tweet/advanced_search (attempt 1/3)
2025-08-19 12:28:41 | INFO     | main.py:53            | ✅	Success: /twitter/tweet/thread_context for conversation 1952519911655546987 (attempt 1/3)
2025-08-19 12:28:42 | INFO     | main.py:53            | ✅	Success: /twitter/tweet/thread_context for conversation 1952519911655546987 (attempt 1/3)
2025-08-19 12:28:44 | INFO     | main.py:53            | ✅	Success: /twitter/tweet/thread_context for conversation 1952519921365406197 (attempt 1/3)
2025-08-19 12:28:45 | INFO     | main.py:53            | ✅	Success: /twitter/tweet/thread_context for conversation 1952519921365406197 (attempt 1/3)
2025-08-19 12:28:46 | INFO     | main.py:53            | ✅	Success: /twitter/tweet/thread_context for conversation 1952519921197547877 (attempt 1/3)
2025-08-19 12:28:47 | INFO     | main.py:53            | ✅	Success: /twitter/tweet/thread_context for conversation 1952519919242997981 (attempt 1/3)
2025-08-19 12:28:48 | INFO     | main.py:53            | ✅	Success: /twitter/tweet/thread_context for conversation 1952519918806864306 (attempt 1/3)
2025-08-19 12:28:50 | INFO     | main.py:53            | ✅	Success: /twitter/tweet/thread_context for conversation 1952519918290956751 (attempt 1/3)
2025-08-19 12:28:51 | INFO     | main.py:53            | ✅	Success: /twitter/tweet/thread_context for conversation 1952519917850558971 (attempt 1/3)
2025-08-19 12:28:52 | INFO     | main.py:53            | ✅	Success: /twitter/tweet/thread_context for conversation 1952519917850460651 (attempt 1/3)
2025-08-19 12:28:54 | INFO     | main.py:53            | ✅	Success: /twitter/tweet/thread_context for conversation 1952519916629942484 (attempt 1/3)
2025-08-19 12:28:55 | INFO     | main.py:53            | ✅	Success: /twitter/tweet/thread_context for conversation 1952519916093083743 (attempt 1/3)
2025-08-19 12:28:57 | INFO     | main.py:53            | ✅	Success: /twitter/tweet/thread_context for conversation 1952519916093083743 (attempt 1/3)
2025-08-19 12:28:58 | INFO     | main.py:53            | ✅	Success: /twitter/tweet/thread_context for conversation 1952519914432188594 (attempt 1/3)
2025-08-19 12:28:59 | INFO     | main.py:53            | ✅	Success: /twitter/tweet/thread_context for conversation 1952519912662114538 (attempt 1/3)
2025-08-19 12:29:00 | INFO     | main.py:53            | ✅	Success: /twitter/tweet/thread_context for conversation 1952519912662114538 (attempt 1/3)
2025-08-19 12:29:02 | INFO     | main.py:53            | ✅	Success: /twitter/tweet/thread_context for conversation 1952519912221745395 (attempt 1/3)
2025-08-19 12:29:03 | INFO     | main.py:61            | ✅	Success: /twitter/tweet/advanced_search (attempt 1/3)
2025-08-19 12:29:04 | INFO     | main.py:53            | ✅	Success: /twitter/tweet/thread_context for conversation 1952519910741184729 (attempt 1/3)
2025-08-19 12:29:06 | INFO     | main.py:53            | ✅	Success: /twitter/tweet/thread_context for conversation 1952519910741184729 (attempt 1/3)
2025-08-19 12:29:07 | INFO     | main.py:53            | ✅	Success: /twitter/tweet/thread_context for conversation 1952519908128141578 (attempt 1/3)
2025-08-19 12:29:08 | INFO     | main.py:53            | ✅	Success: /twitter/tweet/thread_context for conversation 1952519907842900443 (attempt 1/3)
2025-08-19 12:29:09 | INFO     | main.py:53            | ✅	Success: /twitter/tweet/thread_context for conversation 1952519907406708910 (attempt 1/3)
2025-08-19 12:29:10 | INFO     | main.py:53            | ✅	Success: /twitter/tweet/thread_context for conversation 1952519905544429589 (attempt 1/3)
2025-08-19 12:29:11 | INFO     | main.py:53            | ✅	Success: /twitter/tweet/thread_context for conversation 1952519905544429589 (attempt 1/3)
2025-08-19 12:29:13 | INFO     | main.py:53            | ✅	Success: /twitter/tweet/thread_context for conversation 1952519903866703949 (attempt 1/3)
2025-08-19 12:29:14 | INFO     | main.py:53            | ✅	Success: /twitter/tweet/thread_context for conversation 1952519903669567707 (attempt 1/3)
2025-08-19 12:29:15 | INFO     | main.py:53            | ✅	Success: /twitter/tweet/thread_context for conversation 1952519903669567707 (attempt 1/3)
2025-08-19 12:29:16 | INFO     | main.py:53            | ✅	Success: /twitter/tweet/thread_context for conversation 1952519903501812184 (attempt 1/3)
2025-08-19 12:29:17 | INFO     | main.py:53            | ✅	Success: /twitter/tweet/thread_context for conversation 1952519903501812184 (attempt 1/3)
2025-08-19 12:29:19 | INFO     | main.py:53            | ✅	Success: /twitter/tweet/thread_context for conversation 1952519901161423062 (attempt 1/3)
2025-08-19 12:29:20 | INFO     | main.py:53            | ✅	Success: /twitter/tweet/thread_context for conversation 1952519901161423062 (attempt 1/3)
2025-08-19 12:29:21 | INFO     | main.py:53            | ✅	Success: /twitter/tweet/thread_context for conversation 1952519900909727929 (attempt 1/3)
2025-08-19 12:29:23 | INFO     | main.py:53            | ✅	Success: /twitter/tweet/thread_context for conversation 1952519899806609645 (attempt 1/3)
2025-08-19 12:29:25 | INFO     | main.py:53            | ✅	Success: /twitter/tweet/thread_context for conversation 1952519899370385869 (attempt 1/3)
2025-08-19 12:29:26 | INFO     | main.py:53            | ✅	Success: /twitter/tweet/thread_context for conversation 1952519899370385869 (attempt 1/3)
2025-08-19 12:29:27 | INFO     | main.py:53            | ✅	Success: /twitter/tweet/thread_context for conversation 1952519898976153940 (attempt 1/3)
2025-08-19 12:29:28 | INFO     | main.py:53            | ✅	Success: /twitter/tweet/thread_context for conversation 1952519898762223989 (attempt 1/3)
2025-08-19 12:29:30 | INFO     | main.py:53            | ✅	Success: /twitter/tweet/thread_context for conversation 1952519897940209685 (attempt 1/3)
2025-08-19 12:29:31 | INFO     | main.py:53            | ✅	Success: /twitter/tweet/thread_context for conversation 1952519897940209685 (attempt 1/3)
2025-08-19 12:29:33 | INFO     | main.py:53            | ✅	Success: /twitter/tweet/thread_context for conversation 1952519896581238948 (attempt 1/3)
2025-08-19 12:29:34 | INFO     | main.py:53            | ✅	Success: /twitter/tweet/thread_context for conversation 1952519896581238948 (attempt 1/3)
2025-08-19 12:29:35 | INFO     | main.py:61            | ✅	Success: /twitter/tweet/advanced_search (attempt 1/3)
2025-08-19 12:29:38 | INFO     | main.py:53            | ✅	Success: /twitter/tweet/thread_context for conversation 1952519895528493552 (attempt 1/3)
2025-08-19 12:29:39 | INFO     | main.py:53            | ✅	Success: /twitter/tweet/thread_context for conversation 1952519895528493552 (attempt 1/3)
2025-08-19 12:29:41 | INFO     | main.py:53            | ✅	Success: /twitter/tweet/thread_context for conversation 1952519893934571889 (attempt 1/3)
2025-08-19 12:29:42 | INFO     | main.py:53            | ✅	Success: /twitter/tweet/thread_context for conversation 1952519893934571889 (attempt 1/3)
2025-08-19 12:29:43 | INFO     | main.py:53            | ✅	Success: /twitter/tweet/thread_context for conversation 1952519893431324899 (attempt 1/3)
2025-08-19 12:29:44 | INFO     | main.py:53            | ✅	Success: /twitter/tweet/thread_context for conversation 1952519893431324899 (attempt 1/3)
2025-08-19 12:29:46 | INFO     | main.py:53            | ✅	Success: /twitter/tweet/thread_context for conversation 1952519891317395860 (attempt 1/3)
2025-08-19 12:29:47 | INFO     | main.py:53            | ✅	Success: /twitter/tweet/thread_context for conversation 1952519890981810346 (attempt 1/3)
2025-08-19 12:29:48 | INFO     | main.py:53            | ✅	Success: /twitter/tweet/thread_context for conversation 1952519890981810346 (attempt 1/3)
2025-08-19 12:29:49 | INFO     | main.py:53            | ✅	Success: /twitter/tweet/thread_context for conversation 1952519889635475709 (attempt 1/3)
2025-08-19 12:29:51 | INFO     | main.py:53            | ✅	Success: /twitter/tweet/thread_context for conversation 1952519887492165663 (attempt 1/3)
2025-08-19 12:29:53 | INFO     | main.py:53            | ✅	Success: /twitter/tweet/thread_context for conversation 1952519887492165663 (attempt 1/3)
2025-08-19 12:29:54 | INFO     | main.py:53            | ✅	Success: /twitter/tweet/thread_context for conversation 1952519886863036570 (attempt 1/3)
2025-08-19 12:29:55 | INFO     | main.py:53            | ✅	Success: /twitter/tweet/thread_context for conversation 1952519886863036570 (attempt 1/3)
2025-08-19 12:29:56 | INFO     | main.py:53            | ✅	Success: /twitter/tweet/thread_context for conversation 1952519885990621440 (attempt 1/3)
2025-08-19 12:29:57 | INFO     | main.py:53            | ✅	Success: /twitter/tweet/thread_context for conversation 1952519885990621440 (attempt 1/3)
2025-08-19 12:29:58 | INFO     | main.py:53            | ✅	Success: /twitter/tweet/thread_context for conversation 1952519885923483728 (attempt 1/3)
2025-08-19 12:29:59 | INFO     | main.py:53            | ✅	Success: /twitter/tweet/thread_context for conversation 1952519885923483728 (attempt 1/3)
2025-08-19 12:30:01 | INFO     | main.py:53            | ✅	Success: /twitter/tweet/thread_context for conversation 1952519885663391818 (attempt 1/3)
2025-08-19 12:30:02 | INFO     | main.py:53            | ✅	Success: /twitter/tweet/thread_context for conversation 1952519885067866469 (attempt 1/3)
2025-08-19 12:30:03 | INFO     | main.py:53            | ✅	Success: /twitter/tweet/thread_context for conversation 1952519885067866469 (attempt 1/3)
2025-08-19 12:30:05 | INFO     | main.py:53            | ✅	Success: /twitter/tweet/thread_context for conversation 1952519885042684078 (attempt 1/3)
2025-08-19 12:30:06 | INFO     | main.py:53            | ✅	Success: /twitter/tweet/thread_context for conversation 1952519885042684078 (attempt 1/3)
2025-08-19 12:30:07 | INFO     | main.py:53            | ✅	Success: /twitter/tweet/thread_context for conversation 1952519883713105941 (attempt 1/3)
2025-08-19 12:30:08 | INFO     | main.py:53            | ✅	Success: /twitter/tweet/thread_context for conversation 1952519883713105941 (attempt 1/3)
2025-08-19 12:30:10 | INFO     | main.py:53            | ✅	Success: /twitter/tweet/thread_context for conversation 1952519883432075486 (attempt 1/3)
2025-08-19 12:30:11 | INFO     | main.py:53            | ✅	Success: /twitter/tweet/thread_context for conversation 1952519883432075486 (attempt 1/3)
2025-08-19 12:30:12 | INFO     | main.py:53            | ✅	Success: /twitter/tweet/thread_context for conversation 1952519882945540443 (attempt 1/3)
2025-08-19 12:30:14 | INFO     | main.py:53            | ✅	Success: /twitter/tweet/thread_context for conversation 1952519880932253998 (attempt 1/3)
2025-08-19 12:30:15 | INFO     | main.py:53            | ✅	Success: /twitter/tweet/thread_context for conversation 1952519880932253998 (attempt 1/3)
2025-08-19 12:30:16 | INFO     | main.py:53            | ✅	Success: /twitter/tweet/thread_context for conversation 1952519879619428388 (attempt 1/3)
2025-08-19 12:30:18 | INFO     | main.py:61            | ✅	Success: /twitter/tweet/advanced_search (attempt 1/3)
2025-08-19 12:30:19 | INFO     | main.py:53            | ✅	Success: /twitter/tweet/thread_context for conversation 1952519879275491604 (attempt 1/3)
2025-08-19 12:30:20 | INFO     | main.py:53            | ✅	Success: /twitter/tweet/thread_context for conversation 1952519874028421304 (attempt 1/3)
2025-08-19 12:30:22 | INFO     | main.py:53            | ✅	Success: /twitter/tweet/thread_context for conversation 1952519873747411450 (attempt 1/3)
2025-08-19 12:30:23 | INFO     | main.py:53            | ✅	Success: /twitter/tweet/thread_context for conversation 1952519873747411450 (attempt 1/3)
2025-08-19 12:30:24 | INFO     | main.py:53            | ✅	Success: /twitter/tweet/thread_context for conversation 1952519873671926007 (attempt 1/3)
2025-08-19 12:30:25 | INFO     | main.py:53            | ✅	Success: /twitter/tweet/thread_context for conversation 1952519873671926007 (attempt 1/3)
2025-08-19 12:30:27 | INFO     | main.py:53            | ✅	Success: /twitter/tweet/thread_context for conversation 1952519871956455893 (attempt 1/3)
2025-08-19 12:30:28 | INFO     | main.py:53            | ✅	Success: /twitter/tweet/thread_context for conversation 1952519871956455893 (attempt 1/3)
2025-08-19 12:30:30 | INFO     | main.py:53            | ✅	Success: /twitter/tweet/thread_context for conversation 1952519870710759646 (attempt 1/3)
2025-08-19 12:30:32 | INFO     | main.py:53            | ✅	Success: /twitter/tweet/thread_context for conversation 1952519870710759646 (attempt 1/3)
2025-08-19 12:30:33 | INFO     | main.py:53            | ✅	Success: /twitter/tweet/thread_context for conversation 1952519869838356902 (attempt 1/3)
2025-08-19 12:30:34 | INFO     | main.py:53            | ✅	Success: /twitter/tweet/thread_context for conversation 1952519869733503022 (attempt 1/3)
2025-08-19 12:30:36 | INFO     | main.py:53            | ✅	Success: /twitter/tweet/thread_context for conversation 1952519869733503022 (attempt 1/3)
2025-08-19 12:30:37 | INFO     | main.py:53            | ✅	Success: /twitter/tweet/thread_context for conversation 1952519869695709502 (attempt 1/3)
2025-08-19 12:30:38 | INFO     | main.py:53            | ✅	Success: /twitter/tweet/thread_context for conversation 1952519869695709502 (attempt 1/3)
2025-08-19 12:30:39 | INFO     | main.py:53            | ✅	Success: /twitter/tweet/thread_context for conversation 1952519868751970535 (attempt 1/3)
2025-08-19 12:30:40 | INFO     | main.py:53            | ✅	Success: /twitter/tweet/thread_context for conversation 1952519866923225349 (attempt 1/3)
2025-08-19 12:30:41 | INFO     | main.py:53            | ✅	Success: /twitter/tweet/thread_context for conversation 1952519866516455540 (attempt 1/3)
2025-08-19 12:30:42 | INFO     | main.py:53            | ✅	Success: /twitter/tweet/thread_context for conversation 1952519866365423787 (attempt 1/3)
2025-08-19 12:30:43 | INFO     | main.py:53            | ✅	Success: /twitter/tweet/thread_context for conversation 1952519866365423787 (attempt 1/3)
2025-08-19 12:30:45 | INFO     | main.py:53            | ✅	Success: /twitter/tweet/thread_context for conversation 1952519865853775953 (attempt 1/3)
2025-08-19 12:30:46 | INFO     | main.py:53            | ✅	Success: /twitter/tweet/thread_context for conversation 1952519865736278322 (attempt 1/3)
2025-08-19 12:30:47 | INFO     | main.py:53            | ✅	Success: /twitter/tweet/thread_context for conversation 1952519865736278322 (attempt 1/3)
2025-08-19 12:30:48 | INFO     | main.py:53            | ✅	Success: /twitter/tweet/thread_context for conversation 1952519862372409418 (attempt 1/3)
2025-08-19 12:30:49 | INFO     | main.py:53            | ✅	Success: /twitter/tweet/thread_context for conversation 1952519862372409418 (attempt 1/3)
2025-08-19 12:30:51 | INFO     | main.py:53            | ✅	Success: /twitter/tweet/thread_context for conversation 1952519862271746220 (attempt 1/3)
2025-08-19 12:30:52 | INFO     | main.py:53            | ✅	Success: /twitter/tweet/thread_context for conversation 1952519862183727335 (attempt 1/3)
2025-08-19 12:30:53 | INFO     | main.py:53            | ✅	Success: /twitter/tweet/thread_context for conversation 1952519862183727335 (attempt 1/3)
2025-08-19 12:30:55 | INFO     | main.py:61            | ✅	Success: /twitter/tweet/advanced_search (attempt 1/3)
2025-08-19 12:30:56 | INFO     | main.py:53            | ✅	Success: /twitter/tweet/thread_context for conversation 1952519861428765058 (attempt 1/3)
2025-08-19 12:30:57 | INFO     | main.py:53            | ✅	Success: /twitter/tweet/thread_context for conversation 1952519860317237544 (attempt 1/3)
2025-08-19 12:30:59 | INFO     | main.py:53            | ✅	Success: /twitter/tweet/thread_context for conversation 1952519860317237544 (attempt 1/3)
2025-08-19 12:31:00 | INFO     | main.py:53            | ✅	Success: /twitter/tweet/thread_context for conversation 1952519859612553392 (attempt 1/3)
2025-08-19 12:31:01 | INFO     | main.py:53            | ✅	Success: /twitter/tweet/thread_context for conversation 1952519859134451754 (attempt 1/3)
2025-08-19 12:31:02 | INFO     | main.py:53            | ✅	Success: /twitter/tweet/thread_context for conversation 1952519859134451754 (attempt 1/3)
2025-08-19 12:31:04 | INFO     | main.py:53            | ✅	Success: /twitter/tweet/thread_context for conversation 1952519858740240816 (attempt 1/3)
2025-08-19 12:31:05 | INFO     | main.py:53            | ✅	Success: /twitter/tweet/thread_context for conversation 1952519858735943898 (attempt 1/3)
2025-08-19 12:31:07 | INFO     | main.py:53            | ✅	Success: /twitter/tweet/thread_context for conversation 1952519858375344204 (attempt 1/3)
2025-08-19 12:31:08 | INFO     | main.py:53            | ✅	Success: /twitter/tweet/thread_context for conversation 1952519858375344204 (attempt 1/3)
2025-08-19 12:31:09 | INFO     | main.py:53            | ✅	Success: /twitter/tweet/thread_context for conversation 1952519857834262823 (attempt 1/3)
2025-08-19 12:31:10 | INFO     | main.py:53            | ✅	Success: /twitter/tweet/thread_context for conversation 1952519857834262823 (attempt 1/3)
2025-08-19 12:31:11 | INFO     | main.py:53            | ✅	Success: /twitter/tweet/thread_context for conversation 1952519856907268297 (attempt 1/3)
2025-08-19 12:31:12 | INFO     | main.py:53            | ✅	Success: /twitter/tweet/thread_context for conversation 1952519856907268297 (attempt 1/3)
2025-08-19 12:31:13 | INFO     | main.py:53            | ✅	Success: /twitter/tweet/thread_context for conversation 1952519856005488992 (attempt 1/3)
2025-08-19 12:31:15 | INFO     | main.py:53            | ✅	Success: /twitter/tweet/thread_context for conversation 1952519855263113511 (attempt 1/3)
2025-08-19 12:31:16 | INFO     | main.py:53            | ✅	Success: /twitter/tweet/thread_context for conversation 1952519854319448206 (attempt 1/3)
2025-08-19 12:31:17 | INFO     | main.py:53            | ✅	Success: /twitter/tweet/thread_context for conversation 1952519851454677488 (attempt 1/3)
2025-08-19 12:31:19 | INFO     | main.py:53            | ✅	Success: /twitter/tweet/thread_context for conversation 1952519851005944025 (attempt 1/3)
2025-08-19 12:31:20 | INFO     | main.py:53            | ✅	Success: /twitter/tweet/thread_context for conversation 1952519851005944025 (attempt 1/3)
2025-08-19 12:31:21 | INFO     | main.py:53            | ✅	Success: /twitter/tweet/thread_context for conversation 1952519850800353354 (attempt 1/3)
2025-08-19 12:31:22 | INFO     | main.py:53            | ✅	Success: /twitter/tweet/thread_context for conversation 1952519850800353354 (attempt 1/3)
2025-08-19 12:31:23 | INFO     | main.py:53            | ✅	Success: /twitter/tweet/thread_context for conversation 1952519850590646549 (attempt 1/3)
2025-08-19 12:31:24 | INFO     | main.py:53            | ✅	Success: /twitter/tweet/thread_context for conversation 1952519849370144815 (attempt 1/3)
2025-08-19 12:31:25 | INFO     | main.py:61            | ✅	Success: /twitter/tweet/advanced_search (attempt 1/3)
2025-08-19 12:31:26 | INFO     | main.py:53            | ✅	Success: /twitter/tweet/thread_context for conversation 1952519849282084975 (attempt 1/3)
2025-08-19 12:31:28 | INFO     | main.py:53            | ✅	Success: /twitter/tweet/thread_context for conversation 1952519848845799898 (attempt 1/3)
2025-08-19 12:31:29 | INFO     | main.py:53            | ✅	Success: /twitter/tweet/thread_context for conversation 1952519848527094144 (attempt 1/3)
2025-08-19 12:31:30 | INFO     | main.py:53            | ✅	Success: /twitter/tweet/thread_context for conversation 1952519847654633966 (attempt 1/3)
2025-08-19 12:31:31 | INFO     | main.py:53            | ✅	Success: /twitter/tweet/thread_context for conversation 1952519842910863612 (attempt 1/3)
2025-08-19 12:31:32 | INFO     | main.py:53            | ✅	Success: /twitter/tweet/thread_context for conversation 1952519842910863612 (attempt 1/3)
2025-08-19 12:31:33 | INFO     | main.py:53            | ✅	Success: /twitter/tweet/thread_context for conversation 1952519842395034055 (attempt 1/3)
2025-08-19 12:31:35 | INFO     | main.py:53            | ✅	Success: /twitter/tweet/thread_context for conversation 1952519842025922964 (attempt 1/3)
2025-08-19 12:31:36 | INFO     | main.py:53            | ✅	Success: /twitter/tweet/thread_context for conversation 1952519842025922964 (attempt 1/3)
2025-08-19 12:31:37 | INFO     | main.py:53            | ✅	Success: /twitter/tweet/thread_context for conversation 1952519841363153155 (attempt 1/3)
2025-08-19 12:31:38 | INFO     | main.py:53            | ✅	Success: /twitter/tweet/thread_context for conversation 1952519840939589925 (attempt 1/3)
2025-08-19 12:31:38 | INFO     | main.py:53            | ✅	Success: /twitter/tweet/thread_context for conversation 1952519840939589925 (attempt 1/3)
2025-08-19 12:31:39 | INFO     | main.py:53            | ✅	Success: /twitter/tweet/thread_context for conversation 1952519840692126025 (attempt 1/3)
2025-08-19 12:31:40 | INFO     | main.py:53            | ✅	Success: /twitter/tweet/thread_context for conversation 1952519840692126025 (attempt 1/3)
2025-08-19 12:31:41 | INFO     | main.py:53            | ✅	Success: /twitter/tweet/thread_context for conversation 1952519839349960820 (attempt 1/3)
2025-08-19 12:31:43 | INFO     | main.py:53            | ✅	Success: /twitter/tweet/thread_context for conversation 1952519839349960820 (attempt 1/3)
2025-08-19 12:31:44 | INFO     | main.py:53            | ✅	Success: /twitter/tweet/thread_context for conversation 1952519838511075390 (attempt 1/3)
2025-08-19 12:31:45 | INFO     | main.py:53            | ✅	Success: /twitter/tweet/thread_context for conversation 1952519838238388412 (attempt 1/3)
2025-08-19 12:31:46 | INFO     | main.py:53            | ✅	Success: /twitter/tweet/thread_context for conversation 1952519837949034938 (attempt 1/3)
2025-08-19 12:31:47 | INFO     | main.py:53            | ✅	Success: /twitter/tweet/thread_context for conversation 1952519835667267806 (attempt 1/3)
2025-08-19 12:31:50 | INFO     | main.py:53            | ✅	Success: /twitter/tweet/thread_context for conversation 1952519835113644360 (attempt 1/3)
2025-08-19 12:31:51 | INFO     | main.py:53            | ✅	Success: /twitter/tweet/thread_context for conversation 1952519835113644360 (attempt 1/3)
2025-08-19 12:31:52 | INFO     | main.py:53            | ✅	Success: /twitter/tweet/thread_context for conversation 1952519833331093736 (attempt 1/3)
2025-08-19 12:31:53 | INFO     | main.py:61            | ✅	Success: /twitter/tweet/advanced_search (attempt 1/3)
2025-08-19 12:31:55 | INFO     | main.py:53            | ✅	Success: /twitter/tweet/thread_context for conversation 1952519833209520247 (attempt 1/3)
2025-08-19 12:31:56 | INFO     | main.py:53            | ✅	Success: /twitter/tweet/thread_context for conversation 1952519833209520247 (attempt 1/3)
2025-08-19 12:31:58 | INFO     | main.py:53            | ✅	Success: /twitter/tweet/thread_context for conversation 1952519830910968167 (attempt 1/3)
2025-08-19 12:32:00 | INFO     | main.py:53            | ✅	Success: /twitter/tweet/thread_context for conversation 1952519830768320822 (attempt 1/3)
2025-08-19 12:32:01 | INFO     | main.py:53            | ✅	Success: /twitter/tweet/thread_context for conversation 1952519830768320822 (attempt 1/3)
2025-08-19 12:32:03 | INFO     | main.py:53            | ✅	Success: /twitter/tweet/thread_context for conversation 1952519830407704865 (attempt 1/3)
2025-08-19 12:32:04 | INFO     | main.py:53            | ✅	Success: /twitter/tweet/thread_context for conversation 1952519828805452265 (attempt 1/3)
2025-08-19 12:32:06 | INFO     | main.py:53            | ✅	Success: /twitter/tweet/thread_context for conversation 1952519828805452265 (attempt 1/3)
2025-08-19 12:32:07 | INFO     | main.py:53            | ✅	Success: /twitter/tweet/thread_context for conversation 1952519828306375099 (attempt 1/3)
2025-08-19 12:32:07 | INFO     | main.py:53            | ✅	Success: /twitter/tweet/thread_context for conversation 1952519828306375099 (attempt 1/3)
2025-08-19 12:32:09 | INFO     | main.py:53            | ✅	Success: /twitter/tweet/thread_context for conversation 1952519827966578898 (attempt 1/3)
2025-08-19 12:32:10 | INFO     | main.py:53            | ✅	Success: /twitter/tweet/thread_context for conversation 1952519827966578898 (attempt 1/3)
2025-08-19 12:32:11 | INFO     | main.py:53            | ✅	Success: /twitter/tweet/thread_context for conversation 1952519827136069931 (attempt 1/3)
2025-08-19 12:32:13 | INFO     | main.py:53            | ✅	Success: /twitter/tweet/thread_context for conversation 1952519827136069931 (attempt 1/3)
2025-08-19 12:32:14 | INFO     | main.py:53            | ✅	Success: /twitter/tweet/thread_context for conversation 1952519825903034807 (attempt 1/3)
2025-08-19 12:32:15 | INFO     | main.py:53            | ✅	Success: /twitter/tweet/thread_context for conversation 1952519825018028264 (attempt 1/3)
2025-08-19 12:32:17 | INFO     | main.py:53            | ✅	Success: /twitter/tweet/thread_context for conversation 1952519825018028264 (attempt 1/3)
2025-08-19 12:32:18 | INFO     | main.py:53            | ✅	Success: /twitter/tweet/thread_context for conversation 1952519824820805853 (attempt 1/3)
2025-08-19 12:32:19 | INFO     | main.py:53            | ✅	Success: /twitter/tweet/thread_context for conversation 1952519824820805853 (attempt 1/3)
2025-08-19 12:32:20 | INFO     | main.py:53            | ✅	Success: /twitter/tweet/thread_context for conversation 1952519823948464447 (attempt 1/3)
2025-08-19 12:32:22 | INFO     | main.py:53            | ✅	Success: /twitter/tweet/thread_context for conversation 1952519823948464447 (attempt 1/3)
2025-08-19 12:32:23 | INFO     | main.py:53            | ✅	Success: /twitter/tweet/thread_context for conversation 1952519822404903100 (attempt 1/3)
2025-08-19 12:32:24 | INFO     | main.py:53            | ✅	Success: /twitter/tweet/thread_context for conversation 1952519821876408683 (attempt 1/3)
2025-08-19 12:32:25 | INFO     | main.py:53            | ✅	Success: /twitter/tweet/thread_context for conversation 1952519821876408683 (attempt 1/3)
2025-08-19 12:32:26 | INFO     | main.py:53            | ✅	Success: /twitter/tweet/thread_context for conversation 1952519821259862076 (attempt 1/3)
2025-08-19 12:32:27 | INFO     | main.py:53            | ✅	Success: /twitter/tweet/thread_context for conversation 1952519820668506425 (attempt 1/3)
2025-08-19 12:32:28 | INFO     | main.py:53            | ✅	Success: /twitter/tweet/thread_context for conversation 1952519820668506425 (attempt 1/3)
2025-08-19 12:32:29 | INFO     | main.py:53            | ✅	Success: /twitter/tweet/thread_context for conversation 1952519820181909545 (attempt 1/3)
2025-08-19 12:32:30 | INFO     | main.py:53            | ✅	Success: /twitter/tweet/thread_context for conversation 1952519820181909545 (attempt 1/3)
2025-08-19 12:32:32 | INFO     | main.py:61            | ✅	Success: /twitter/tweet/advanced_search (attempt 1/3)
2025-08-19 12:32:33 | INFO     | main.py:53            | ✅	Success: /twitter/tweet/thread_context for conversation 1952519819682861556 (attempt 1/3)
2025-08-19 12:32:34 | INFO     | main.py:53            | ✅	Success: /twitter/tweet/thread_context for conversation 1952519819250852286 (attempt 1/3)
2025-08-19 12:32:36 | INFO     | main.py:53            | ✅	Success: /twitter/tweet/thread_context for conversation 1952519818953003483 (attempt 1/3)
2025-08-19 12:32:37 | INFO     | main.py:53            | ✅	Success: /twitter/tweet/thread_context for conversation 1952519817371729963 (attempt 1/3)
2025-08-19 12:32:38 | INFO     | main.py:53            | ✅	Success: /twitter/tweet/thread_context for conversation 1952519816474132673 (attempt 1/3)
2025-08-19 12:32:39 | INFO     | main.py:53            | ✅	Success: /twitter/tweet/thread_context for conversation 1952519814519628185 (attempt 1/3)
2025-08-19 12:32:40 | INFO     | main.py:53            | ✅	Success: /twitter/tweet/thread_context for conversation 1952519813752135935 (attempt 1/3)
2025-08-19 12:32:41 | INFO     | main.py:53            | ✅	Success: /twitter/tweet/thread_context for conversation 1952519811759821276 (attempt 1/3)
2025-08-19 12:32:43 | INFO     | main.py:53            | ✅	Success: /twitter/tweet/thread_context for conversation 1952519811021635896 (attempt 1/3)
2025-08-19 12:32:44 | INFO     | main.py:53            | ✅	Success: /twitter/tweet/thread_context for conversation 1952519811021635896 (attempt 1/3)
2025-08-19 12:32:45 | INFO     | main.py:53            | ✅	Success: /twitter/tweet/thread_context for conversation 1952519810866389458 (attempt 1/3)
2025-08-19 12:32:48 | INFO     | main.py:53            | ✅	Success: /twitter/tweet/thread_context for conversation 1952519810539225189 (attempt 1/3)
2025-08-19 12:32:48 | INFO     | main.py:53            | ✅	Success: /twitter/tweet/thread_context for conversation 1952519810539225189 (attempt 1/3)
2025-08-19 12:32:50 | INFO     | main.py:53            | ✅	Success: /twitter/tweet/thread_context for conversation 1952519809121636682 (attempt 1/3)
2025-08-19 12:32:51 | INFO     | main.py:53            | ✅	Success: /twitter/tweet/thread_context for conversation 1952519803929055691 (attempt 1/3)
2025-08-19 12:32:52 | INFO     | main.py:53            | ✅	Success: /twitter/tweet/thread_context for conversation 1952519803929055691 (attempt 1/3)
2025-08-19 12:32:54 | INFO     | main.py:53            | ✅	Success: /twitter/tweet/thread_context for conversation 1952519803819999574 (attempt 1/3)
2025-08-19 12:32:54 | INFO     | main.py:53            | ✅	Success: /twitter/tweet/thread_context for conversation 1952519803819999574 (attempt 1/3)
2025-08-19 12:32:56 | INFO     | main.py:53            | ✅	Success: /twitter/tweet/thread_context for conversation 1952519801882177904 (attempt 1/3)
2025-08-19 12:32:57 | INFO     | main.py:53            | ✅	Success: /twitter/tweet/thread_context for conversation 1952519801387257881 (attempt 1/3)
2025-08-19 12:32:58 | INFO     | main.py:61            | ✅	Success: /twitter/tweet/advanced_search (attempt 1/3)
2025-08-19 12:32:59 | INFO     | main.py:53            | ✅	Success: /twitter/tweet/thread_context for conversation 1952519801211076788 (attempt 1/3)
2025-08-19 12:33:00 | INFO     | main.py:53            | ✅	Success: /twitter/tweet/thread_context for conversation 1952519801106227272 (attempt 1/3)
2025-08-19 12:33:01 | INFO     | main.py:53            | ✅	Success: /twitter/tweet/thread_context for conversation 1952519800233857356 (attempt 1/3)
2025-08-19 12:33:02 | INFO     | main.py:53            | ✅	Success: /twitter/tweet/thread_context for conversation 1952519800233857356 (attempt 1/3)
2025-08-19 12:33:04 | INFO     | main.py:53            | ✅	Success: /twitter/tweet/thread_context for conversation 1952519800003174820 (attempt 1/3)
2025-08-19 12:33:05 | INFO     | main.py:53            | ✅	Success: /twitter/tweet/thread_context for conversation 1952519799801893311 (attempt 1/3)
2025-08-19 12:33:06 | INFO     | main.py:53            | ✅	Success: /twitter/tweet/thread_context for conversation 1952519799801893311 (attempt 1/3)
2025-08-19 12:33:07 | INFO     | main.py:53            | ✅	Success: /twitter/tweet/thread_context for conversation 1952519799441088987 (attempt 1/3)
2025-08-19 12:33:08 | INFO     | main.py:53            | ✅	Success: /twitter/tweet/thread_context for conversation 1952519798900097506 (attempt 1/3)
2025-08-19 12:33:09 | INFO     | main.py:53            | ✅	Success: /twitter/tweet/thread_context for conversation 1952519798900097506 (attempt 1/3)
2025-08-19 12:33:10 | INFO     | main.py:53            | ✅	Success: /twitter/tweet/thread_context for conversation 1952519798400930001 (attempt 1/3)
2025-08-19 12:33:12 | INFO     | main.py:53            | ✅	Success: /twitter/tweet/thread_context for conversation 1952519797499130297 (attempt 1/3)
2025-08-19 12:33:12 | INFO     | main.py:53            | ✅	Success: /twitter/tweet/thread_context for conversation 1952519797499130297 (attempt 1/3)
2025-08-19 12:33:14 | INFO     | main.py:53            | ✅	Success: /twitter/tweet/thread_context for conversation 1952519795783737521 (attempt 1/3)
2025-08-19 12:33:15 | INFO     | main.py:53            | ✅	Success: /twitter/tweet/thread_context for conversation 1952519795783737521 (attempt 1/3)
2025-08-19 12:33:16 | INFO     | main.py:53            | ✅	Success: /twitter/tweet/thread_context for conversation 1952519795146187255 (attempt 1/3)
2025-08-19 12:33:17 | INFO     | main.py:53            | ✅	Success: /twitter/tweet/thread_context for conversation 1952519795146187255 (attempt 1/3)
2025-08-19 12:33:17 | INFO     | main.py:53            | ✅	Success: /twitter/tweet/thread_context for conversation 1952519795116835054 (attempt 1/3)
2025-08-19 12:33:19 | INFO     | main.py:53            | ✅	Success: /twitter/tweet/thread_context for conversation 1952519795041353787 (attempt 1/3)
2025-08-19 12:33:19 | INFO     | main.py:53            | ✅	Success: /twitter/tweet/thread_context for conversation 1952519795041353787 (attempt 1/3)
2025-08-19 12:33:20 | INFO     | main.py:53            | ✅	Success: /twitter/tweet/thread_context for conversation 1952519793233604986 (attempt 1/3)
2025-08-19 12:33:21 | INFO     | main.py:53            | ✅	Success: /twitter/tweet/thread_context for conversation 1952519792591786482 (attempt 1/3)
2025-08-19 12:33:22 | INFO     | main.py:53            | ✅	Success: /twitter/tweet/thread_context for conversation 1952519792507945261 (attempt 1/3)
2025-08-19 12:33:24 | INFO     | main.py:61            | ✅	Success: /twitter/tweet/advanced_search (attempt 1/3)
2025-08-19 12:33:25 | INFO     | main.py:53            | ✅	Success: /twitter/tweet/thread_context for conversation 1952519792256286887 (attempt 1/3)
2025-08-19 12:33:26 | INFO     | main.py:53            | ✅	Success: /twitter/tweet/thread_context for conversation 1952519792189206648 (attempt 1/3)
2025-08-19 12:33:27 | INFO     | main.py:53            | ✅	Success: /twitter/tweet/thread_context for conversation 1952519792189206648 (attempt 1/3)
2025-08-19 12:33:28 | INFO     | main.py:53            | ✅	Success: /twitter/tweet/thread_context for conversation 1952519791853605192 (attempt 1/3)
2025-08-19 12:33:29 | INFO     | main.py:53            | ✅	Success: /twitter/tweet/thread_context for conversation 1952519791249604648 (attempt 1/3)
2025-08-19 12:33:30 | INFO     | main.py:53            | ✅	Success: /twitter/tweet/thread_context for conversation 1952519790779891888 (attempt 1/3)
2025-08-19 12:33:31 | INFO     | main.py:53            | ✅	Success: /twitter/tweet/thread_context for conversation 1952519790779891888 (attempt 1/3)
2025-08-19 12:33:32 | INFO     | main.py:53            | ✅	Success: /twitter/tweet/thread_context for conversation 1952519788779184347 (attempt 1/3)
2025-08-19 12:33:33 | INFO     | main.py:53            | ✅	Success: /twitter/tweet/thread_context for conversation 1952519788779184347 (attempt 1/3)
2025-08-19 12:33:34 | INFO     | main.py:53            | ✅	Success: /twitter/tweet/thread_context for conversation 1952519787969753181 (attempt 1/3)
2025-08-19 12:33:35 | INFO     | main.py:53            | ✅	Success: /twitter/tweet/thread_context for conversation 1952519787969753181 (attempt 1/3)
2025-08-19 12:33:37 | INFO     | main.py:53            | ✅	Success: /twitter/tweet/thread_context for conversation 1952519787256697109 (attempt 1/3)
2025-08-19 12:33:38 | INFO     | main.py:53            | ✅	Success: /twitter/tweet/thread_context for conversation 1952519787256697109 (attempt 1/3)
2025-08-19 12:33:38 | INFO     | main.py:286           | Streaming complete: 10 search page(s); ~1280 upsert attempts.
2025-08-19 12:33:39 | INFO     | format_objects.py:280 | Raw dump: 1175 conversation(s) → ./grok_data/raw.json
2025-08-19 12:33:40 | INFO     | format_objects.py:442 | Transform complete: 1175 conversation(s) → grok_data/data.json
2025-08-19 12:33:40 | INFO     | main.py:305           | Done! Run summary — elapsed=301.0s | conversations=150 | search_pages=10 | upserts≈1280 | api_success=1873 / attempts=1873
2025-08-19 12:33:40 | INFO     | cli.py:60             | 


2025-08-19 12:33:40 | INFO     | cli.py:61             | ⏱️	Scraping 8-2025 day 5/9
2025-08-19 12:33:40 | INFO     | cli.py:68             | ▶️	Block 2025-08-05 00:00:00 → 2025-08-05 06:00:00 | handle=grok | cap=150
2025-08-19 12:33:40 | INFO     | format_objects.py:29  | Built query:	from:grok filter:replies -filter:retweets -filter:quote -filter:self_threads since:2025-08-05_00:00:00_UTC until:2025-08-05_06:00:00_UTC
2025-08-19 12:33:42 | INFO     | main.py:61            | ✅	Success: /twitter/tweet/advanced_search (attempt 1/3)
2025-08-19 12:33:43 | INFO     | main.py:53            | ✅	Success: /twitter/tweet/thread_context for conversation 1952610517970993615 (attempt 1/3)
2025-08-19 12:33:44 | INFO     | main.py:53            | ✅	Success: /twitter/tweet/thread_context for conversation 1952610517136425148 (attempt 1/3)
2025-08-19 12:33:45 | INFO     | main.py:53            | ✅	Success: /twitter/tweet/thread_context for conversation 1952610516612096039 (attempt 1/3)
2025-08-19 12:33:47 | INFO     | main.py:53            | ✅	Success: /twitter/tweet/thread_context for conversation 1952610515295080892 (attempt 1/3)
2025-08-19 12:33:48 | INFO     | main.py:53            | ✅	Success: /twitter/tweet/thread_context for conversation 1952610515295080892 (attempt 1/3)
2025-08-19 12:33:49 | INFO     | main.py:53            | ✅	Success: /twitter/tweet/thread_context for conversation 1952610513139245359 (attempt 1/3)
2025-08-19 12:33:51 | INFO     | main.py:53            | ✅	Success: /twitter/tweet/thread_context for conversation 1952610512786866296 (attempt 1/3)
2025-08-19 12:33:52 | INFO     | main.py:53            | ✅	Success: /twitter/tweet/thread_context for conversation 1952610512724013531 (attempt 1/3)
2025-08-19 12:33:53 | INFO     | main.py:53            | ✅	Success: /twitter/tweet/thread_context for conversation 1952610512724013531 (attempt 1/3)
2025-08-19 12:33:54 | INFO     | main.py:53            | ✅	Success: /twitter/tweet/thread_context for conversation 1952610511952167063 (attempt 1/3)
2025-08-19 12:33:56 | INFO     | main.py:53            | ✅	Success: /twitter/tweet/thread_context for conversation 1952610511914483764 (attempt 1/3)
2025-08-19 12:33:57 | INFO     | main.py:53            | ✅	Success: /twitter/tweet/thread_context for conversation 1952610511914483764 (attempt 1/3)
2025-08-19 12:33:58 | INFO     | main.py:53            | ✅	Success: /twitter/tweet/thread_context for conversation 1952610510580719967 (attempt 1/3)
2025-08-19 12:33:59 | INFO     | main.py:53            | ✅	Success: /twitter/tweet/thread_context for conversation 1952610510580719967 (attempt 1/3)
2025-08-19 12:34:01 | INFO     | main.py:53            | ✅	Success: /twitter/tweet/thread_context for conversation 1952610509766979690 (attempt 1/3)
2025-08-19 12:34:02 | INFO     | main.py:53            | ✅	Success: /twitter/tweet/thread_context for conversation 1952610509301379339 (attempt 1/3)
2025-08-19 12:34:04 | INFO     | main.py:53            | ✅	Success: /twitter/tweet/thread_context for conversation 1952610506914857268 (attempt 1/3)
2025-08-19 12:34:05 | INFO     | main.py:53            | ✅	Success: /twitter/tweet/thread_context for conversation 1952610506914857268 (attempt 1/3)
2025-08-19 12:34:06 | INFO     | main.py:53            | ✅	Success: /twitter/tweet/thread_context for conversation 1952610505803354274 (attempt 1/3)
2025-08-19 12:34:08 | INFO     | main.py:53            | ✅	Success: /twitter/tweet/thread_context for conversation 1952610505065148619 (attempt 1/3)
2025-08-19 12:34:09 | INFO     | main.py:53            | ✅	Success: /twitter/tweet/thread_context for conversation 1952610505065148619 (attempt 1/3)
2025-08-19 12:34:10 | INFO     | main.py:53            | ✅	Success: /twitter/tweet/thread_context for conversation 1952610503479767390 (attempt 1/3)
2025-08-19 12:34:12 | INFO     | main.py:53            | ✅	Success: /twitter/tweet/thread_context for conversation 1952610501781061723 (attempt 1/3)
2025-08-19 12:34:14 | INFO     | main.py:53            | ✅	Success: /twitter/tweet/thread_context for conversation 1952610501672005638 (attempt 1/3)
2025-08-19 12:34:14 | INFO     | main.py:53            | ✅	Success: /twitter/tweet/thread_context for conversation 1952610501672005638 (attempt 1/3)
2025-08-19 12:34:15 | INFO     | main.py:53            | ✅	Success: /twitter/tweet/thread_context for conversation 1952610501407686953 (attempt 1/3)
2025-08-19 12:34:17 | INFO     | main.py:53            | ✅	Success: /twitter/tweet/thread_context for conversation 1952610499495186631 (attempt 1/3)
2025-08-19 12:34:17 | INFO     | main.py:305           | Done! Run summary — elapsed=36.8s | conversations=20 | search_pages=1 | upserts≈140 | api_success=1901 / attempts=1902
2025-08-19 12:34:17 | ERROR    | cli.py:83             | ‼️	Interrupted; aborting remaining blocks.
